PRODUCT_ID,PRODUCT_NAME,PRODUCT_MODEL,AVAILABILITY,RATING,TYPE,PRODUCT_PRICE
683435088,Kyocera Hydro Icon,C6730,4532,2,Phone,20237
683435089,Samsung Galaxy Note 4,SM-N910T,4880,1,Phone,36992
683435090,Samsung Galaxy Note 4,SM-N910V,3908,2,Phone,12718
683435091,HTC One M8,HTC6525LVW,4762,5,Phone,23067
683435092,Sprint Cell Phones,SM-N910P,4161,2,Phone,28940
683435093,Samsung Galaxy Note 4,SAMSUNG-SM-N910A,3693,3,Phone,18524
683435094,Motorola Droid Mini,XT1030,4749,4,Phone,40032
683435095,HTC Desire 510,HTC Desire 510,2997,3,Phone,25948
683435096,HTC One M8,831C,2989,4,Phone,5400
683435097,Verizon HTC One,HTC6500LVW,3665,5,Phone,49685
683435098,Motorola Moto X,XT1060,3290,5,Phone,16787
683435099,LG G3,LGLS990,3501,5,Phone,40390
683435100,Samsung Galaxy Avant,SM-G386T,4612,5,Phone,17417
683435101,Boost Mobile LG Volt,LGLS740,4479,2,Phone,44018
683435102,LG G3,LG-D851,4255,3,Phone,27217
683435103,Samsung Galaxy S 4,SGH-M919N,4720,4,Phone,49772
683435104,HTC Droid DNA,HTC6435LVW,4904,4,Phone,5701
683435105,LG G3 D850 Gold,LG-D850,3298,3,Phone,46102
683435106,Alcatel OneTouch Fierce 2,7040N,4046,5,Tablet,15143
683435107,Kyocera Hydro Life,C6530N,4892,5,Phone,22388
683435108,LG G3 4G LTE,VS985 4G,3644,5,Phone,15770
683435109,Motorola Droid Turbo,XT1254,3702,3,Phone,49193
683435110,LG G2,LG-D800,3174,2,Phone,34215
683435111,LG Optimus G LS970,LG-LS970,3883,3,Phone,35549
683435112,LG Optimus Fuel,LGL34C,2614,2,Phone,18027
683435113,LG G Flex,LG-D959,2894,2,Phone,24844
683435114,LG G Flex,LG-LS995,4653,5,Phone,28683
683435115,ZTE Z740G Sonata 4G,Z740G, ,4,Phone,19243
683435116,Samsung Galaxy Ace Style,SM-S765C,4027,5,Phone,26560
683435117,Tri-Band S3,SPH-L710T,4126,3,Phone,47283
683435118,Samsung Galaxy Mega,SGH-M819N,4218,5,Phone,18109
683435119,Motorola - Moto X,XT1056,3852,5,Phone,25478
683435120,Samsung Galaxy S 5,SM-G900R4,2732,1,Phone,32357
683435121,Samsung Galaxy Light,SGH-T399N,2599,4,Phone,37605
683435122,Samsung Galaxy Tab 4,SM-T230NU,3105,1,Tablet,39355
683435123,LG REALM,LGLS620,3335,4,Phone,33150
683435124,HTC Desire 510,0PCV1,2724,1,Phone,38599
683435125,Samsung Galaxy S 4,SAMSUNG-SGH-I257,3146,1,Phone,10737
683435126,Galaxy S5 Sport,SM-G860P,2840,5,Phone,48238
683435127,Samsung Galaxy S III,SCH-R530M,4904,2,Phone,25452
683435128,ZTE ZMax,Z970,2538,4,Phone,8262
683435129,HTC Desire 610,HTC Desire 610,4580,2,Phone,11147
683435130,LG G Flex AT&T,LG-D950,4449,1,Phone,26433
683435131,ZTE Concord II,Z730,4324,3,Phone,28736
683435132,Motorola Moto X,XT1049,4236,4,Phone,9910
683435133,Sharp Aquos Crystal 306SH,306SH,2737,1,Phone,49423
683435134,HTC One SV,C525c,4631,1,Phone,23846
683435135,Sony Xperia Z1s,C6916,4550,1,Phone,27824
683435136,LG Optimus F7,LG-LG870,4932,1,Phone,41509
683435137,Samsung Galaxy S 5,SM-G900T1,3082,3,Phone,28762
683435138,HTC One max 4G LTE,HTC6600LVW,2876,2,Phone,34787
683435139,LG Optimus L70 D321,LG-D321,2711,4,Phone,49308
683435140,Motorola,DROID4,3928,2,Phone,25117
683435141,LG Optimus Exceed 2,LG-VS450PP,3752,1,Phone,15004
683435142,LG TRIBUTEâ€°Ã£Â¢,LGLS660,3991,5,Phone,26348
683435143,Motorola Moto G LTE,XT1045,3668,4,Phone,6987
683435144,Samsung Galaxy S III,SM-G730V,4699,1,Phone,16275
683435145,Samsung Galaxy Avant,SM-G386T1,3704,3,Phone,12573
683435146,Kyocera Hydro VIBE C6725,C6725,3935,1,Phone,30145
683435147,Moto X,XT1055,4032,3,Phone,29592
683435148,Samsung Galaxy S III,SGH-T999N,2849,5,Phone,44781
683435149,Xperia Z 4G LTE,C6606,3089,3,Phone,6233
683435150,HTC One Max,HTC0P3P7,3659,4,Phone,18471
683435151,Motorola ATRIX HD,MB886,2626,2,Phone,26341
683435152,Samsung Galaxy Rugby Pro,SAMSUNG-SGH-I547,4736,3,Phone,19117
683435153,LG G Pad,LG-V410,4774,2,Tablet,23985
683435154,LG Optimus Zone 2,VS415PP,4421,3,Phone,48053
683435155,Samsung Galaxy S III,SCH-R530X,3826,4,Phone,27748
683435156,HTC One S,HTC VLE_U,4055,5,Phone,19703
683435157,Samsung Galaxy S 4,SCH-R970X,4893,2,Phone,24923
683435158,LG Optimus S gray,LS670,4666,4,Phone,30227
683435159,Optimus F60,LGMS395,2859,5,Phone,17918
683435160,LG G Vista D631,LG-D631,4410,4,Phone,40153
683435161,OnePlus One,A0001,4178,4,Phone,7698
683435162,Samsung GALAXY Tab 2,GT-P5113,3205,5,Tablet,37407
683435163,LG Lucid 2 VS870 4G,VS870 4G,4715,1,Phone,27799
683435164,BLU Studio 5.5,STUDIO 5.5,4544,5,Phone,42210
683435165,HTC First,HTC first,4576,2,Phone,30681
683435166,LG Optimus G,LG-E970,4891,3,Phone,23929
683435167,Samsung Galaxy S5,SM-G900R7,4525,1,Phone,22391
683435168,Straight Talk Moto E,XT830C,4041,5,Phone,19624
683435169,Samsung Galaxy Tab 4,SM-T530NU,2951,2,Tablet,31875
683435170,Kyocera Hydro XTRM,C6522N,3774,1,Phone,32454
683435171,Samsung Galaxy Stellar,SCH-I200,3035,3,Phone,26300
683435172,Samsung Galaxy Stratosphere II,SCH-I415,3423,5,Phone,40810
683435173,Pantech Flex P8010,PantechP8010,4004,2,Phone,22406
683435174,HTC One mini,HTC One mini,3527,1,Phone,36304
683435175,Samsung Galaxy S4,SM-S975L,4037,5,Phone,11275
683435176,HTC EVO Design,PH44100,4164,2,Phone,32683
683435177,Samsung Galaxy S 5,SAMSUNG-SM-G900AZ,3081,5,Phone,38626
683435178,Alcatel One Touch Fierce 2,7040T,3773,1,Phone,5719
683435179,Samsung SCH R890,SCH-R890,3316,2,Phone,23940
683435180,Samsung Galaxy Exhibit,SGH-T599,4087,1,Phone,48658
683435181,Samsung Galaxy Note 3,SM-N900R4,4775,4,Phone,39411
683435182,ZTE Overture,Z995,3701,2,Phone,37609
683435183,Samsung Galaxy Note,GT-N8013,3385,4,Tablet,30415
683435184,CASIO G'zOne Commando 4G LTE,C811 4G,4025,4,Phone,10420
683435185,LG Lucid 4G,VS840 4G,4631,4,Phone,40333
683435186,Samsung Galaxy Tab,SAMSUNG-SM-T217A,3364,4,Tablet,14814
683435187,LG Viper,LG-LS840,3201,3,Phone,25589
683435188,ZTE N9515 Warp Sync,N9515,3762,5,Phone,20557
683435189,Samsung Galaxy Alpha,SAMSUNG-SM-G850A,2879,3,Phone,29157
683435190,Samsung Galaxy Victory,SPH-L300,3460,3,Phone,43370
683435191,ZTE Grand X Max Z787,Z787,2521,4,Phone,45855
683435192,LG Lucid 3,VS876,3957,5,Phone,19361
683435193,Samsung Galaxy Note 4 Duos,N9100,4480,5,Phone,15620
683435194,Motorola Electrify M,XT901,4558,2,Phone,22293
683435195,Samsung Galaxy S5,SM-G900H,3769,4,Phone,44080
683435196,Samsung Galaxy S III,SCH-L710,4675,2,Phone,7282
683435197,Kyocera Rise C5155,C5155,3588,2,Phone,21218
683435198,Samsung SM-N915T,SM-N915T,4466,4,Phone,20826
683435199,Motorola Photon Q 4G LTE,XT897,3268,3,Phone,8372
683435200,Samsung Galaxy Note 8.0,GT-N5110,4250,5,Tablet,25231
683435201,BSNL Tablet Penta T-Pad,710C,2522,1,Tablet,6761
683435202,Huawei Premia 4G M931,HUAWEI-M931,3904,5,Phone,9768
683435203,LG Spectrum 2,VS930 4G,4514,3,Phone,16858
683435204,Alcatel OneTouch Evolve 2,ALCATEL ONE TOUCH 4037T,3760,5,Phone,37713
683435205,HTC Vivid,HTC PH39100,2786,2,Phone,12867
683435206,Samsung Galaxy Express I437,SAMSUNG-SGH-I437,3627,1,Phone,22926
683435207,LG G Pad,VK810 4G,3433,2,Tablet,14187
683435208,Samsung Galaxy Mega 6.3 SCH-R960,SCH-R960,4268,5,Phone,44657
683435209,Motorola 2013 Moto,XT1053,4239,4,Phone,36125
683435210,Samsung Galaxy S II,SPH-D710VMUB,4604,3,Phone,43108
683435211,Samsung Galaxy S 4,SAMSUNG-SGH-I337Z,3173,1,Phone,28960
683435212,Samsung Galaxy S III,SCH-S960L,4791,3,Phone,44780
683435213,HTC EVO Design 4G,HTCEVODesign4G,3653,1,Phone,13000
683435214,Kyocera Brigadier,E6782,4115,3,Phone,26312
683435215,Samsung Galaxy Mega 5.8,GT-I9152,3571,5,Phone,9769
683435216,Verizon HTC One Remix,HTC6515LVW,2866,4,Phone,14999
683435217,LG L39C,LGL39C,3299,3,Phone,42455
683435218,Motorola Moto G XT1034,XT1034,3378,1,Phone,34552
683435219,Verizon Ellipsis 7,QMV7B,2758,5,Tablet,39719
683435220,HTC EVO V 4G,HTCEVOV4G,3912,5,Phone,23507
683435221,LG Spirit 4G,LG-MS870,3637,4,Phone,28168
683435222,Samsung Galaxy Express,SAMSUNG-SGH-I437P,4008,2,Phone,18304
683435223,LG Intuition,VS950 4G,3138,2,Phone,33603
683435224,Samsung Conquer,SPH-D600,3197,5,Phone,32446
683435225,ZTE Savvy,Z750C,2992,1,Phone,32419
683435226,Mach LS860,LG-LS860,3366,4,Phone,42523
683435227,Motorola Moto X,XT1096,4847,1,Phone,12982
683435228,Kyocera Hydro Elite,C6750,3120,1,Phone,12289
683435229,Sony Xperia Z3,D6616,3421,2,Phone,44629
683435230,Hyperion Motorola Moto X Gen 2,XT1097,4050,5,Phone,34201
683435231,Acer Iconia A1-830,A1-830,3808,4,Tablet,39488
683435232,Samsung Galaxy Note,SCH-R950,4053,4,Phone,18965
683435233,ZTE Prelude,Z993,4407,2,Phone,5235
683435234,Samsung Galaxy Mega 2,SAMSUNG-SM-G750A,4289,5,Phone,32001
683435235,Zte X501_USA_Cricket,X501_USA_Cricket,4852,3,Phone,41433
683435236,zte,N8000_WHTE_CKT,4795,1,Phone,36690
683435237,AOSP on HammerHead,AOSP on HammerHead,2745,4,Phone,18457
683435238,Samsung Galaxy Tab  4 8.0,SM-T330NU,4023,5,Tablet,8877
683435239,LG G3 Vigor Sprint LS885,LGLS885,3453,3,Phone,18056
683435240,ZTE Unico,Z930L,3891,5,Phone,48885
683435241,HTC Rezound,ADR6425LVW,4584,3,Phone,36432
683435242,Nexus 6,Nexus 6,4205,2,Phone,45510
683435243,Motorola Moto G 4G,XT1042,3430,2,Phone,10797
683435244,Huawei Fusion 2,Huawei-U8665,2756,4,Phone,22542
683435245,BLU Studio 5.0 II,BLU STUDIO 5.0 II,3890,5,Phone,49547
683435246,BLU STUDIO 5.5 S,BLU STUDIO 5.5 S,3436,3,Phone,30957
683435247,Motorola ATRIX 2,MB865,4314,1,Phone,35812
683435248,LG Optimus Showtime,LGL86C,2601,2,Phone,15635
683435249,Acer Iconia Tab A200,A200,4523,4,Tablet,38390
683435250,Samsung Galaxy Note 10.1 2014 Edition,SM-P600,3047,5,Tablet,40499
683435251,Samsung Galaxy s Stratosphere,SCH-I405,3617,3,Phone,24012
683435252,LG G Vista,VS880,4358,4,Phone,33800
683435253,BLU Dash,BLU DASH 5.0,2951,3,Phone,20074
683435254,T-Mobile myTouch Q,T-Mobile myTouch Q,4181,1,Phone,41045
683435255,Samsung Galaxy Tab 2 7.0,SCH-i705,4312,2,Tablet,14593
683435256,Samsung Galaxy S II,SGH-S959G,4591,1,Phone,6767
683435257,Lg Access Lte,LGL31L,3708,4,Phone,46566
683435258,TRACFONE,LGL41C,3348,5,Phone,5103
683435259,Samsung Galaxy Express SGH I437Z,SAMSUNG-SGH-I437Z,4240,1,Phone,44254
683435260,ZTE Zinger aka Whirl 2,Z667T,3184,2,Phone,15212
683435261,HTC One SV,HTC One SV,4531,2,Phone,36777
683435262,Samsung Transform Ultra,SPH-M930BST,3358,4,Phone,17898
683435263,Samsung Galaxy NoteÃ¥Â¨ Edge (AT&T),SAMSUNG-SM-N915A,3316,4,Phone,22477
683435264,Samsung Galaxy S2,SAMSUNG-SGH-I777,3540,2,Phone,11250
683435265,ZTE Grand X,Z777,2842,1,Phone,45014
683435266,HTC One VX,HTC One VX,4031,5,Phone,6075
683435267,HTC Droid Incredible 4G LTE,ADR6410LVW,3401,4,Phone,44824
683435268,Samsung Exhilarate i577,SAMSUNG-SGH-I577,2607,1,Phone,26907
683435269,LG Optimus Elit,LG-VM696,2807,1,Phone,7179
683435270,ZTE Valet,Z665C,3232,1,Phone,32485
683435271,Motorola Xoom,Xoom,2595,3,Tablet,6551
683435272,Alcatel OneTouch Pop Icon,ALCATEL A564C,4326,3,Phone,47537
683435273,BLU Dash 5.5,Dash 5.5,2678,2,Phone,6821
683435274,Motorola DROID 3,DROID3,3212,1,Phone,15854
683435275,Verizon Wireless Cell phone,SCH-I535PP,3558,4,Phone,18685
683435276,HTC One X+,HTC One X+,4724,2,Phone,49089
683435277,Samsung Illusion,SCH-I110,2603,2,Phone,36881
683435278,LG Spectrum VS920,VS920 4G,4845,4,Phone,39259
683435279,Samsung Galaxy Note 8.0 4G,SAMSUNG-SGH-I467,2997,2,Tablet,40536
683435280,Samsung Galaxy S4 Zoom,SAMSUNG-SM-C105A,4925,4,Phone,20224
683435281,HTC Desire 601,HTC0P4E1,4999,3,Phone,27883
683435282,Verizon Wireless Cell Phones,SCH-I200PP,3323,2,Phone,26249
683435283,LG Marquee,LG-LS855,2766,4,Phone,12293
683435284,Amazon Fire Phone,SD4930UR,4735,5,Phone,41336
683435285,Samsung Galaxy S Relay,SGH-T699,4136,5,Phone,7662
683435286,Samsung Galaxy Tab S,SM-T800,3604,1,Tablet,30326
683435287,Samsung Galaxy Tab 3 7.0 4G,SM-T217T,4353,1,Tablet,17660
683435288,HTC Desire 601,HTC Desire 601,3340,3,Phone,34595
683435289,Samsung Galaxy Tab Pro 8.4,SM-T320,4380,2,Tablet,18723
683435290,Samsung Google Nexus S 4G,Nexus S 4G,3550,2,Phone,10990
683435291,Asus Memo Pad,ME173X,3202,2,Tablet,42913
683435292,Samsung Galaxy Admire 2,SCH-R830C,4346,4,Phone,13624
683435293,Pantech Burst,PantechP9070,4292,4,Phone,12279
683435294,Alcatel OneTouch Sonic,Alcatel A851L,3665,2,Phone,31407
683435295,Samsung Galaxy Note Edge,SM-N915P,2743,1,Phone,32275
683435296,Motorola XPRT,MB612,2847,1,Phone,47979
683435297,Samsung Galaxy Tab 2 10.1,SAMSUNG-SGH-I497,4882,4,Tablet,26503
683435298,Samsung Galaxy S4,SCH-I545L,4874,2,Phone,49090
683435299,ALCATEL ONE TOUCH,ALCATEL ONE TOUCH 4037N,3678,4,Phone,30818
683435300,HTC One V,HTC One V,3130,3,Phone,17396
683435301,T-Mobile G2,T-Mobile G2,4956,5,Phone,22353
683435302,LG MARQUEE,LG-LG855,4543,1,Phone,30211
683435303,HTC Amaze 4G,HTC_Amaze_4G,2861,2,Phone,41354
683435304,Samsung Galaxy S5,SM-G900R6,4922,5,Phone,41959
683435305,Sony Xperia ion LTE,LT28at,3512,2,Phone,49159
683435306,LG G3 Vigor,LG-D725,4940,2,Phone,45330
683435307,Pantech Discover,PantechP9090,3378,4,Phone,20759
683435308,Asus PadFone X,ASUS PadFone X,3822,3,Phone,18106
683435309,Huawei Ascend Plus,HUAWEI H881C,3314,4,Phone,47398
683435310,Kyocera Torque,Torque,3164,3,Phone,22419
683435311,Alcatel OneTouch Pop 7,ALCATEL ONETOUCH P310A,4557,1,Tablet,15709
683435312,HTC One SV,HTC One SV BLK,3174,4,Phone,44862
683435313,BLU Dash 5.0,DASH 5.0+,4020,3,Phone,14463
683435314,ASUS Transformer Pad TF300T,ASUS Transformer Pad TF300T,3174,1,Tablet,27708
683435315,Samsung Galaxy Reverbâ€°Ã£Â¢,SPH-M950,2794,3,Phone,42892
683435316,Huawei Glory,M886,4846,2,Phone,7153
683435317,Motorola Admiral,XT603,2542,2,Phone,44634
683435318,Kyocera Hydro,Hydro,3962,5,Phone,43082
683435319,Acer Iconia Tab A,A1-810,4301,3,Tablet,19527
683435320,HTC Rhyme,ADR6330VW,3642,2,Phone,47603
683435321,T-Mobile myTouch 4G Slide,myTouch_4G_Slide,3724,2,Phone,6149
683435322,BLU Advance 4.0,BLU ADVANCE 4.0,3540,5,Phone,45609
683435323,Samsung Galaxy S II,SCH-R760,3600,2,Phone,7507
683435324,Samsung Galaxy S2 S II,SCH-R760X,2631,4,Phone,46880
683435325,Samsung Transform Ultra,SPH-M930,2629,3,Phone,30457
683435326,LG Escape,LG-P870,2546,3,Phone,29252
683435327,Samsung Galaxy Axiom,SCH-R830,3189,1,Phone,32051
683435328,Samsung Galaxy Tab 4,SM-T237P,3933,3,Tablet,11444
683435329,LG Optimus Elite,LG-LS696,3239,3,Phone,10623
683435330,Kodak EasyShare Z740,Z740,3509,2,Phone,13962
683435331,BLU Studio 5.0 C HD,BLU STUDIO 5.0 C HD,4996,2,Phone,30951
683435332,Kyocera Hydro LIFE,C6530,4901,3,Phone,38091
683435333,Hisense Sero 7 Pro,M470BSA,2649,5,Tablet,33305
683435334,Dell Venue 8,Venue 8 3830,2599,3,Tablet,23049
683435335,Acer Iconia Tab A500,A500,3802,2,Tablet,6482
683435336,T-Mobile myTouch,T-Mobile myTouch,4761,4,Phone,22866
683435337,LG Enact,VS890 4G,4333,2,Phone,24907
683435338,Acer Iconia One 7,B1-730,3080,1,Tablet,12652
683435339,LG G3,LGUS990,2863,3,Phone,19747
683435340,HTC 0PAJ5,0PAJ5,3003,4,Phone,13945
683435341,Samsung Galaxy Note,SCH-I925,4963,1,Tablet,10332
683435342,Samsung Galaxy Mega,GT-I9200,3846,2,Phone,6559
683435343,Samsung Google Nexus 10,Nexus 10,2775,3,Tablet,23583
683435344,Samsung Captivate,SAMSUNG-SGH-I897,4922,5,Phone,34054
683435345,Digiland DL700D,DL700D,4244,5,Tablet,34362
683435346,Sony Xperia Z3v,D6708,4952,1,Phone,16077
683435347,Samsung Galaxy Tab 10.1,GT-P7510,3131,2,Tablet,26746
683435348,Asus Transformer TF101,Transformer TF101,4794,1,Tablet,18657
683435349,LG Optimus Q,LGL55C,4511,5,Phone,8922
683435350,ZTE Vital,N9810,3567,1,Phone,46678
683435351,Moto X,XT1050,2593,2,Phone,9613
683435352,TracFone Huawei,HUAWEI H868C,4723,1,Phone,18096
683435353,Samsung Galaxy Admireâ€°Ã£Â¢ 4G,SCH-R820,4724,4,Phone,38555
683435354,Pantech Marauder,ADR910L,4434,1,Phone,27443
683435355,Acer Iconia One,B1-730HD,2923,1,Phone,30086
683435356,Samsung Galaxy Tab 4,SM-T337T,4622,5,Tablet,44799
683435357,Toshiba AT100,AT100,4471,5,Tablet,22879
683435358,Samsung Galaxy Tab Pro,SM-T900,2530,1,Tablet,7770
683435359,NOKIA N810,N810,4771,4,Phone,31006
683435360,HTC Desire Eye,HTC Desire Eye,2629,2,Phone,41629
683435361,Samsung Galaxy Tab 2 10.1,SCH-I915,3011,4,Tablet,28417
683435362,Samsung Galaxy S III,SGH-I747M,3091,2,Phone,10624
683435363,LG MyTouch Q,LG-C800,4630,5,Phone,22465
683435364,Blu Neo 4.5,Neo4_5,4521,1,Phone,36205
683435365,Casio G'zOne Commando,C771,4261,5,Phone,48823
683435366,Kyocera Echo,M9300,3808,1,Phone,36352
683435367,Samsung Replenish,SPH-M580,2749,4,Phone,49348
683435368,Asus PadFone X Mini,ASUS PadFone X mini,4100,3,Phone,8348
683435369,LG Optimus 2X,LG-P999,4796,2,Phone,29512
683435370,LG Optimus F7,LG-US780,2837,2,Phone,49845
683435371,BLU Studio 5.0 S II,Studio 5.0 S II,3267,3,Phone,29674
683435372,BLU Studio 6.0 HD,STUDIO6_0HD,4856,4,Phone,11283
683435373,HTC Desire 612 4G XLTE,HTC331ZLVW,2592,5,Phone,27359
683435374,Sony Xperia Tablet S,Sony Tablet S,4190,1,Tablet,49594
683435375,Motorola Moto X,XT1093,4189,4,Phone,14295
683435376,Samsung Intercept,SPH-M910,4249,2,Phone,48436
683435377,LG Connect 4G,LG-MS840,3296,5,Phone,22057
683435378,Moto X Pure Edition,XT1095,3166,2,Phone,39304
683435379,Samsung Galaxy Note 3,SM-N900W8,4082,1,Phone,45190
683435380,Samsung Galaxy Amp,SAMSUNG-SGH-I407,3243,1,Phone,33270
683435381,Samsung Galaxy S5,SM-G900M,4607,5,Phone,14428
683435382,Motorola Moto E XT1021,XT1021,2645,5,Phone,29416
683435383,Samsung SPH-M920,SPH-M920,3778,2,Phone,44728
683435384,ZTE Quartz,Z797C,3939,4,Phone,40879
683435385,Motorola DROID 2 Global,DROID2 GLOBAL,4532,4,Phone,22745
683435386,LG Optimus Select,LG-AS730,3919,5,Phone,21531
683435387,Samsung Galaxy Note 4,SM-N910R4,3021,2,Phone,25496
683435388,ZTE Whirl,Z660G,2825,4,Phone,47390
683435389,Sony Xperia T LTE,LT30at,3255,5,Phone,5081
683435390,BLU Life Pure,LIFE PURE,3545,3,Phone,44456
683435391,Samsung Galaxy Fame,SM-T520,2894,4,Tablet,38519
683435392,Samsung Galaxy Tab 4 8 LTE,SAMSUNG-SM-T337A,2872,4,Tablet,6219
683435393,BLU Life View,BLU Life View,2853,4,Phone,7941
683435394,Motorola Moto E,XT1019,2934,4,Phone,27696
683435395,Samsung Galaxy S,YP-G70,4018,3,Phone,30705
683435396,Samsung Galaxy Note 10.1,N8000_USA_Cricket,3441,1,Phone,18353
683435397,Motorola Defy XT,XT557,4236,2,Phone,48244
683435398,Alcatel C1,ALCATEL 4015T,2865,3,Phone,47543
683435399,Motorola Electrify,Motorola Electrify,2812,3,Phone,48439
683435400,HTC Desire C,HTC Desire C,3633,3,Phone,43779
683435401,LG Optimus M+,LG-MS695,4162,2,Phone,42585
683435402,Kyocera Milano,C5120,3281,3,Phone,18996
683435403,LG Thrill,LG-P925,3100,4,Phone,8425
683435404,BLU Studio 5.0 C,BLU STUDIO 5.0 C,2881,5,Phone,10347
683435405,Verizon Ellipsis 8,QTAQZ3,2927,2,Tablet,49368
683435406,ZTE Whirl 2 Z667G,Z667G,3137,4,Phone,34174
683435407,LG Nitro P930,LG-P930,2780,4,Phone,41704
683435408,Samsung Galaxy Grand 2,SM-G7102,3062,5,Phone,9036
683435409,HP Slate 10 HD,HP Slate 10 HD,4263,2,Tablet,37356
683435410,Dell Venue 7,Venue 7 3730,3510,5,Tablet,16265
683435411,Samsung Captivate Glide,SAMSUNG-SGH-I927,3170,3,Phone,13129
683435412,Samsung Galaxy S4 Active,GT-I9295,4523,5,Phone,43133
683435413,Samsung Galaxy Note 10.1,SM-P607T,4755,2,Tablet,6438
683435414,Samsung Galaxy Note II,GT-N7105,4714,5,Phone,37114
683435415,Samsung Galaxy Grand Neo,GT-I9060L,3740,2,Phone,24717
683435416,Motorola Moto E,XT1023,4192,1,Phone,41893
683435417,Motorola Moto G2,XT1064,3965,4,Phone,37936
683435418,Pantech Perception,ADR930L,2932,3,Phone,46710
683435419,LG Optimus T,LG-P509,4469,1,Phone,20744
683435420,BLU Studio 5.0 CE,BLU STUDIO 5.0 Ce,4846,4,Phone,5062
683435421,Coolpad Arise,5560S,3611,2,Phone,20569
683435422,LG AS780 Optimus F7,LG-AS780,4550,3,Phone,38571
683435423,ZTE Score,X500,4829,4,Phone,49714
683435424,LG Optimus Logic,LGL35G,2523,1,Phone,27817
683435425,Samsung Galaxy Tab S,SM-T700,2912,4,Tablet,16212
683435426,Samsung Galaxy Tab,SM-T337V,3343,5,Tablet,9002
683435427,LG myTouch,LG-E739,3097,5,Phone,10834
683435428,Star N9500,N9500,4789,5,Phone,26985
683435429,OnePlus One,One,4050,4,Phone,13253
683435430,LG Revolution,VS910 4G,4174,2,Phone,49928
683435431,HTC Evo View 4G,PG41200,2647,4,Tablet,37493
683435432,Samsung Galaxy Grand Neo,GT-I9060,3485,1,Phone,23821
683435433,LG Enlighten,LG-VS700,4175,4,Phone,36812
683435434,LG L40G,LG-L40G,2716,3,Phone,43408
683435435,Toshiba AT300,AT300,3078,2,Tablet,23109
683435436,BLU Neo4.5,Neo4.5,3383,1,Phone,19083
683435437,htc One Max,HTC One max,2870,2,Phone,45748
683435438,Insignia Flex,NS-14T004,3390,2,Tablet,42616
683435439,Samsung Galaxy Note 3 Neo LTE,SM-N7505,4308,3,Phone,12949
683435440,Blu Advance 4.5,ADVANCE 4.5,4740,4,Phone,15573
683435441,Samsung Galaxy NotePRO,SM-P900,3514,1,Tablet,23585
683435442,LG Optimus Net,LGL45C,2730,5,Phone,30955
683435443,Huawei U8800 IDEOS X5,Huawei U8800-51,4483,2,Phone,48219
683435444,LG Splendor US730,LG-US730,4050,4,Phone,17412
683435445,LG Esteem MS910,LG-MS910,4255,5,Phone,39404
683435446,ZTE Merit,ZTE-Z990G,4797,4,Phone,15126
683435447,Huawei Activa 4G,HUAWEI-M920,3176,1,Phone,31570
683435448,Vortex,Vortex,3978,2,Phone,40893
683435449,LG Optimus Plus,LG-AS695,3859,5,Phone,22335
683435450,Samsung Galaxy Note Pro,SM-P905V,3438,5,Tablet,34360
683435451,Samsung Galaxy Note 4,SM-N910H,4775,5,Phone,17557
683435452,Kyocera Zio,Zio,2762,2,Phone,30640
683435453,Samsung Galaxy Attain 4G,SCH-R920,4264,3,Phone,9186
683435454,ZTE Rapido LTE,Z932L,4733,1,Phone,48060
683435455,Huawei M835,HUAWEI-M835,3342,3,Phone,49965
683435456,Huawei Ascend,M860,4813,4,Phone,40584
683435457,Huawei M660,M660,4693,3,Phone,19722
683435458,Optimus REGARD,LG-LW770,4468,4,Phone,25665
683435459,BLU Studio C Mini,BLU STUDIO C MINI,4146,4,Phone,6285
683435460,Samsung Galaxy Tab,SPH-P100,2678,3,Tablet,46903
683435461,Alcatel OneTouch 960C Ultra,ONE_TOUCH_960C,4752,2,Phone,37776
683435462,Toshiba Satellite Z830,Z830,4259,5,Tablet,31895
683435463,Samsung Galaxy S 4,GT-I9505G,4903,1,Phone,23773
683435464,Kyocera Hydro XTRM,USCC-C6721,3264,3,Phone,7250
683435465,LG G2,LG-D802,4657,3,Phone,46116
683435466,Samsung Galaxy Tab 7.7,SCH-I815,4124,4,Tablet,12958
683435467,ASUS Transformer Pad Infinity,ASUS Transformer Pad TF700T,4556,2,Tablet,12800
683435468,Motorola DROID 2,DROID2,2585,3,Phone,43681
683435469,HTC One S,HTC One S,4252,1,Phone,43553
683435470,ZTE N9101 Imperial,N9101,2557,4,Phone,48453
683435471,Motorola Moto E Dual SIM,XT1022,2686,4,Phone,34196
683435472,ZTE Midnight Z768G,Z768G,4727,3,Phone,35233
683435473,Sony Xperia Z Ultra,C6806,3356,1,Phone,34976
683435474,LG G3,LG-D855,3509,1,Phone,12446
683435475,Samsung Galaxy Note,SGH-T879,4553,4,Phone,36029
683435476,Motorola RAZR MAXX,Motorola RAZR MAXX,3012,2,Phone,12744
683435477,LG Genesis,USCC-US760,4819,3,Phone,12705
683435478,Samsung Google Nexus S,Nexus S,3077,2,Phone,43648
683435479,Samsung Galaxy Tab 4 10.1 LTE,SAMSUNG-SM-T537A,3905,1,Tablet,35215
683435480,T-Mobile Sidekick T839,SGH-T839,2520,4,Phone,49759
683435481,Samsung M580,SPH-M580BST,3008,4,Phone,39945
683435482,Samsung Galaxy S 4 LTE,GT-I9506,3112,5,Phone,23038
683435483,Blu Life One,BLU Life One,3511,2,Phone,26530
683435484,Motorola Moto G 2nd Gen,XT1063,4316,2,Phone,38377
683435485,Sony Ericsson Xperia PLAY,R800x,3700,3,Phone,17017
683435486,Samsung Galaxy Note 3 4G,SM-N900A,4606,4,Phone,34880
683435487,Alcatel Authority,ADR3010,2721,3,Phone,17758
683435488,Samsung Galaxy Mega,GT-I9150,3379,3,Phone,43749
683435489,Straight Talk Motorola Defy,XT555C,3427,2,Phone,24518
683435490,Motorola Electrify 2 XT881,XT881,2970,2,Phone,25066
683435491,Acer Iconia Tab A100,A100,4809,1,Phone,12575
683435492,Sony Xperia Z1 Compact,D5503,4515,5,Phone,40753
683435493,ZTE Engage,V8000_USA_Cricket,3635,3,Phone,21614
683435494,Acer Iconia Tab B1-710,B1-710,3646,3,Tablet,49626
683435495,Samsung Galaxy S Vibrant,SGH-T959,3012,3,Phone,39320
683435496,Samsung Continuum,SCH-I400,3196,4,Phone,41477
683435497,HP Slate 7 Plus,HP Slate 7 Plus,4520,5,Tablet,7751
683435498,Samsung Galaxy SÃ¥Â¨ 4 Mini,SCH-I435L,3397,2,Phone,30637
683435499,Posh Mobile Memo,Memo S580A,3096,2,Phone,8755
683435500,LG Transpyre,VS810PP,4600,3,Phone,7334
683435501,Motorola DROID Turbo,Droid,2525,3,Phone,30444
683435502,Blu Dash Music 4.0,BLU DASH MUSIC 4.0,2521,2,Phone,28452
683435503,Samsung GALAXY S5,SM-G900A,4472,4,Phone,42314
683435504,Verizon  Samsung Galaxy Note,SM-P605V,3911,4,Tablet,44921
683435505,Samsung Galaxy Tab 10.1,SCH-I905,4102,3,Tablet,44995
683435506,Samsung Galaxy S III Neo,GT-I9300I,3148,5,Phone,18593
683435507,Lg Lguk410,LGUK410,3164,4,Tablet,43858
683435508,Motorola DEFY XT,XT556,3534,1,Phone,37033
683435509,Samsung Galaxy S Aviator,SCH-R930,2570,5,Phone,15153
683435510,LG Optimus F3Q D520,LG-D520,2552,1,Phone,22131
683435511,LG Optimus Exceed,VS840PP,2933,5,Phone,34773
683435512,Samsung SCH-M828C,SCH-M828C,3182,4,Phone,24356
683435513,LG LGAS323,LGAS323,4732,3,Phone,10975
683435514,Samsung Galaxy S III,GT-I9305,2867,5,Phone,23742
683435515,LG Optimus M,LG-MS690,4518,1,Phone,18488
683435516,Asus Memo Pad 7,K01A,2754,3,Tablet,13746
683435517,Samsung Galaxy S 5,SM-G800H,3810,2,Phone,38723
683435518,Lenovo IdeaTab S6000,IdeaTab S6000-F,3618,4,Tablet,17262
683435519,Gigaset QV830,Gigaset QV830,4834,4,Tablet,45181
683435520,Lenovo IdeaTab,Lenovo A5500-F,4890,1,Tablet,28346
683435521,Unimax Max Bravo,U670C,3901,2,Phone,28200
683435522,Samsung Galaxy Tab 7.0 Plus,GT-P6210,4970,5,Tablet,32908
683435523,LG Phoenix,LG-P505,4428,1,Phone,47447
683435524,Samsung Galaxy Discover,SGH-S730G,4664,3,Phone,39754
683435525,Samsung Galaxy Grand,GT-I9080L,3922,1,Phone,16694
683435526,Samsung Galaxy S 5,SM-G900W8,3750,2,Phone,28589
683435527,Asus MEMO Pad 10,K00F,4227,5,Tablet,14082
683435528,Maxwest Gravity 6,Gravity 6,3961,1,Phone,44059
683435529,Samsung Galaxy Tab S,SM-T807V,2828,4,Tablet,45270
683435530,T-Mobile Prism,Prism,3148,2,Phone,23899
683435531,LG G Pad,LG-V400,3031,3,Tablet,48651
683435532,Motorola DROID XYBOARD,MZ617,3788,5,Tablet,17746
683435533,Sony Xperia Z1,C6903,3905,2,Phone,14785
683435534,Huawei Ascend,HUAWEI-M860,4619,3,Phone,23353
683435535,ZTE Director,N850L,4777,4,Phone,26496
683435536,NVIDIA Shield Tablet,SHIELD Tablet,3812,1,Tablet,46791
683435537,LENOVO IdeaTabA1000L-F,IdeaTabA1000L-F,4861,3,Tablet,21181
683435538,Samsung Galaxy Discover,SCH-S735C,3137,5,Phone,32443
683435539,LG G Pad,LG-V700,3161,5,Tablet,11677
683435540,Acer Iconia Tab 8,A1-840,2583,5,Tablet,47344
683435541,"DigiLand 10.1"" 16GB",DL1010Q,2645,5,Tablet,10048
683435542,Huawei Asura M881,HUAWEI M881,3790,2,Phone,40713
683435543,Pantech ADR8995,ADR8995,2935,5,Phone,49364
683435544,Samsung Galaxy Note 4,SM-N910F,3977,1,Phone,9076
683435545,Blu Studio 5.0,Studio 5.0LTE,2895,2,Phone,29594
683435546,DigiLand 7,DL701Q,3985,2,Tablet,44507
683435547,LG Optimus F5,AS870 4G,3132,3,Phone,12157
683435548,HUAWEI INSPIRA,Huawei-H867G,2503,4,Phone,12760
683435549,Pantech P4100,PantechP4100,3017,4,Tablet,40070
683435550,Blu Life 8,BLU LIFE 8,4775,2,Phone,31999
683435551,Sony Xperia Tablet S,SGPT12,2966,4,Tablet,27270
683435552,PCD Chaser,Chaser,4249,2,Phone,36628
683435553,Acer Iconia,b1-720,4504,5,Tablet,19286
683435554,Toshiba AT300SE,AT300SE,2567,4,Tablet,23302
683435555,Samsung Galaxy S II,SAMSUNG-SGH-T989,4836,3,Phone,36122
683435556,BLU STUDIO 5.0,BLU STUDIO 5.0,4150,5,Phone,7918
683435557,HTC Merge,ADR6325,4705,5,Phone,46947
683435558,BLU Life One X,BLU LIFE ONE X,3474,3,Phone,35006
683435559,Samsung Galaxy Mega,GT-I9205,3070,1,Phone,26014
683435560,Insignia Flex,NS-15AT10,3975,1,Tablet,6398
683435561,Sony Xperia Z2,SGP561,2611,4,Tablet,19788
683435562,Sony Ericsson Xperia PLAY,R800at,3855,2,Phone,26722
683435563,Huawei H866C,H866C,4279,1,Phone,16667
683435564,ZTE N910,ZTE-N910,4658,5,Phone,22294
683435565,Sony Xperia SP,C5302,2913,5,Phone,38112
683435566,Samsung Captivate Glide,SGH-I927,4587,2,Phone,46771
683435567,Amazon Kindle Fire HDX 7,KFTHWI,3438,4,Tablet,22778
683435568,Lenovo A10-70,Lenovo A7600-F,3411,4,Tablet,45713
683435569,ASUS MEMO PAD 7,K013,4381,5,Tablet,25958
683435570,Sky Device 5.0D,SKY5.0D,3416,1,Phone,6210
683435571,Sprint Samsung Galaxy Tab 2,SPH-P500,4846,3,Tablet,15752
683435572,Samsung Galaxy Note II,SGH-I317M,4005,4,Phone,38092
683435573,Samsung i847 Rugby Smart,SAMSUNG-SGH-I847,4150,5,Phone,42580
683435574,Motorola Moto X,XT1052,2906,3,Phone,34056
683435575,Samsung Galaxy Indulge,SCH-R910,2849,4,Phone,49890
683435576,T-Mobile myTouch 3G Slide,T-Mobile myTouch 3G,2664,5,Phone,27195
683435577,HTC Hero 200,HERO200,3260,1,Phone,5466
683435578,HTC Wildfire S,HTC_A510c,3723,3,Phone,37076
683435579,Samsung Galaxy Note Pro,SAMSUNG-SM-P907A,2619,5,Tablet,14720
683435580,Amlogic Next7P12-8G,Next7P12-8G,3012,2,Tablet,42135
683435581,Motorola Triumph,MOTWX435KT,3625,4,Phone,44640
683435582,Samsung Galaxy Player 3,Le Pan TC802A,4781,3,Tablet,32989
683435583,Samsung Galaxy Player 3,YP-GS1,4980,3,Phone,20706
683435584,BLU Studio 5.0 S,Studio 5.0s,4542,1,Phone,12701
683435585,Motorola XOOM,MZ604,2652,3,Tablet,30346
683435586,ASUS MeMO Pad,ME302C,2704,3,Tablet,7303
683435587,Samsung Galaxy S III,SGH-T999V,3900,4,Phone,9681
683435588,Samsung Galaxy Tab S 10.5,SM-T807P,4090,2,Tablet,18544
683435589,Sony Xperia Z2,D6503,4563,5,Phone,17081
683435590,HTC One M8,One M8,4394,5,Phone,29804
683435591,Popcorn Hour A-210,A210,4552,1,Tablet,27585
683435592,Pantech P8000,PantechP8000,3474,2,Phone,33338
683435593,Samsung Dart,SGH-T499,3669,1,Phone,40053
683435594,Samsung Galaxy S III,SGH-I747,2549,2,Phone,8048
683435595,Motorola MILESTONE 3,MILESTONE3,4490,2,Phone,7942
683435596,Samsung Galaxy Appeal,SAMSUNG-SGH-I827,4372,4,Phone,12554
683435597,DOOGEE VOYAGER2 DG310 MTK6582,VOYAGER2 DG310,3747,5,Phone,39523
683435598,Cat B15,B15,3425,3,Phone,30195
683435599,BLU Life Play S,BLU LIFE PLAY S,4645,1,Phone,16063
683435600,BLACKBERRY Z10,Z10,3927,4,Phone,33313
683435601,Samsung Galaxy S II,SGH-I777,3487,2,Phone,46441
683435602,Samsung Galaxy Tab,SCH-I800,4909,1,Tablet,30108
683435603,Sky 4.0,Sky 4.0,4202,3,Phone,18906
683435604,Lenovo Yoga Tablet 8,Lenovo B6000-F,3529,1,Tablet,13295
683435605,Pantech Pocket P9060,PantechP9060,3153,5,Phone,29808
683435606,Samsung Moment,SPH-M900,2585,5,Phone,34473
683435607,Huawei Tribute Y536,HUAWEI Y536A1,3701,4,Phone,40264
683435608,Acer Iconia A3,A3-A10,4052,3,Tablet,46512
683435609,Posh Mobile Orion Pro X500A,X500A,3598,3,Phone,5235
683435610,Samsung Galaxy Tab,SGH-T779,3441,5,Tablet,7269
683435611,BLU Studio 5.0 E,STUDIO 5.0e  ,3838,2,Phone,38861
683435612,ZTE Prelude 2,Z669,3338,2,Phone,8315
683435613,BLU TouchBook 7 0,TOUCHBOOK7.0 3G,2543,3,Tablet,7402
683435614,Samsung Galaxy S III Mini,GT-I8200L,4487,4,Phone,8975
683435615,Samsung Repp,SCH-R680,3924,3,Phone,48547
683435616,Hewlett Packard Touchpad,cm_tenderloin,4488,3,Tablet,28214
683435617,Sky 4.5D,Sky 4.5D,3899,3,Phone,14076
683435618,Samsung Galaxy Note 3,SM-N9006,3740,1,Phone,26302
683435619,Samsung Galaxy Core Prime,SM-G360V,2585,2,Phone,31119
683435620,Net10 Huawei Magna,HUAWEI H871G,2722,1,Phone,39842
683435621,Sony Xperia Tablet Z,SGP312,3432,5,Tablet,32012
683435622,Lenovo Ideatab,IdeaTab A2107A-F,4931,2,Tablet,12465
683435623,BLU Star 4.0 S410a,BLU STAR4.0,2768,5,Phone,23309
683435624,Sony Xperia Z1,C6902,3051,5,Phone,37055
683435625,Samsung Galaxy S 5 Duos,SM-G900FD,4078,2,Phone,7989
683435626,Samsung Galaxy Win Duos,GT-I8552,3137,5,Phone,21489
683435627,Toshiba Excite Go,Venture,2914,2,Phone,12153
683435628,Nextbook 7 Premium HD,NX007HD,4798,1,Tablet,30831
683435629,Alcatel One Touch M'Pop,ALCATEL ONE TOUCH 5020W,4680,5,Phone,42754
683435630,Sony Xperia T,LT30p,3008,5,Phone,19384
683435631,Sony Xperia L,C2104,3818,1,Phone,15206
683435632,Samsung Galaxy S Duos,GT-S7582L,2557,5,Phone,28433
683435633,Samsung Galaxy Note 8.0,GT-N5100,2858,1,Tablet,25185
683435634,Huawei M866,USCCADR3310,2725,5,Phone,44688
683435635,Samsung Galaxy Tab 7.0 Plus,GT-p6210,3343,2,Tablet,7480
683435636,BLU Studio Mini LTE,Studio Mini LTE,3087,2,Phone,26187
683435637,AMD Phenom II,N850,3553,4,Phone,28956
683435638,Motorola Milestone X,Milestone X,4216,3,Phone,22907
683435639,Motorola Moto G,XT939G,4011,3,Phone,22057
683435640,Doogee Valencia,DG800,4064,3,Phone,42924
683435641,Galaxy Mega Plus,GT-I9152P,3383,4,Phone,25263
683435642,Motorola DROID XYBOARD 8.2,MZ609,3735,4,Tablet,19897
683435643,HTC One 801e,HTC One 801e,4539,4,Phone,37230
683435644,Samsung Galaxy S III,SHV-E210K,3563,3,Phone,31516
683435645,Samsung Galaxy Note II,SHV-E250S,3391,2,Phone,10222
683435646,HTC Deluxe,HTC6435LRA,4834,2,Phone,18132
683435647,Motorola Droid Pro,DROID Pro,4977,2,Phone,20802
683435648,Alcatel One Touch Revolve,A554C,3597,5,Phone,16135
683435649,Samsung Galaxy Tab4,SM-T537R4,4214,2,Tablet,10448
683435650,samsung Galaxy Tab S,SAMSUNG-SM-T807A,3414,2,Tablet,18702
683435651,Sony Xperia Z,C6602,2578,2,Phone,43267
683435652,Motorola Milestone,Milestone,2994,4,Phone,46559
683435653,Kyocera Hydro Xtrm,C6522,2827,1,Phone,10739
683435654,Kindle Fire 7,KFTT,3597,2,Tablet,23024
683435655,Nextbook 8 Quad Core NX785QC8G,NX785QC8G,4740,3,Tablet,48371
683435656,Huawei U8687 Cronos,Huawei-U8687,3228,1,Phone,37779
683435657,HP Slate7 Extreme,HP Slate7 Extreme,4333,2,Tablet,34210
683435658,Nextbook NQ700QC,NX700QC,4883,5,Tablet,18275
683435659,Dell Streak 7,Dell Streak 7,3341,1,Tablet,37999
683435660,Samsung Galaxy Tab 4 10.1 4G,SM-T537V,3343,5,Tablet,44136
683435661,ASUS Transformer Pad TF103C,K010,3586,4,Tablet,5552
683435662,BLU Life Pure Mini,LIFE PURE MINI,4596,5,Phone,45691
683435663,Huawei Ascent P6,HUAWEI P6-U06,2541,2,Phone,26142
683435664,Kindle Fire,KFSOWI,4158,1,Tablet,5809
683435665,SONY Xperia SL,LT26ii,3487,3,Phone,17570
683435666,Samsung Galaxy Fame,GT-S6810,2776,2,Phone,47606
683435667,HONGXIANG TB-650,TB-650-dual core,2850,4,Phone,44420
683435668,Samsung Galaxy Note 3,SM-N900S,4973,3,Phone,41753
683435669,LG VK700 G Pad 10.1,VK700,4244,3,Tablet,27661
683435670,Lenovo IdeaTab,IdeaTabA2109A,4418,4,Tablet,20711
683435671,Alcatel OneTouch Pop Mega,ALCATEL A995L,4533,5,Phone,29307
683435672,HTC Hero S,HTC Hero S,3265,1,Phone,38541
683435673,Samsung Galaxy Tab,SM-T231,4347,3,Tablet,20488
683435674,VOTO X2,VOTO X2,2665,1,Phone,43239
683435675,HP Slate 7 HD,HP Slate 7 HD,3693,3,Tablet,13474
683435676,Samsung Galaxy S 4 mini,SM-S890L,4236,1,Phone,46489
683435677,ASUS MeMO Pad Smart 10,ME301T,2944,3,Tablet,6180
683435678,Mpie,MP-H118,3652,5,Phone,46257
683435679,Android,Android,4724,5,Phone,23986
683435680,Samsung Galaxy S5,SM-G900I,3406,3,Phone,24117
683435681,ASUS ZenFone 5,ASUS_T00J,2617,1,Phone,33645
683435682,HTC Desire 4G LTE,ADR6410LRA,4532,4,Phone,9593
683435683,Le Pan 2,LePanII,4915,1,Tablet,23057
683435684,Samsung Galaxy Trend Lite Duos,GT-S7392,3825,5,Phone,28170
683435685,HTC Desire 500 dual sim,HTC Desire 500 dual sim,3428,5,Phone,15020
683435686,Alcatel OneTouch Hero 2,8030Y,4986,5,Phone,44214
683435687,Samsung Galaxy Note 3 Neo,SM-N7505L,4995,1,Tablet,22321
683435689,T-Mobile Springboard,SpringBoard,3789,2,Tablet,32496
683435690,ZTE Grand S Pro,N9835,4024,4,Phone,16380
683435691,ZTE X500,X500_USA_General,4148,2,Phone,8619
683435692,TouchPad,TouchPad,4418,4,Tablet,7508
683435693,Le Pan S,Le Pan S,3093,2,Tablet,42030
683435694,ASUS ME180A,K00L,4363,5,Tablet,37579
683435695,LG Optimus Vu,LG-P895,2511,2,Phone,43994
683435696,Amazon Kindle Fire HDX 8.9,KFAPWA,3829,5,Tablet,45867
683435697,Huawei Ascend II 2,M865C,4611,4,Phone,14142
683435698,Samsung Galaxy S Duos,GT-S7562L,4256,2,Phone,34875
683435699,LG Ally VS740,Ally,3028,2,Phone,34791
683435700,Samsung Galaxy Note 10.1,SCH-I925U,3500,4,Tablet,26707
683435701,Lenovo Yoga,Lenovo B8000-F,3118,4,Tablet,24032
683435702,Lenovo IdeaTab,IdeaTabS2109A-F,3141,1,Tablet,26052
683435703,LG Optimus Zip LGL75C,LGL75C,4818,5,Phone,39447
683435704,Samsung Galaxy Note 2,SHV-E250K,4735,4,Phone,38529
683435705,Xperia Z2 Tablet,SGP511,4615,1,Tablet,15449
683435706,Samsung Galaxy Note II,SGH-T889V,3834,2,Phone,34201
683435707,HTC Nexus One,Nexus One,2519,3,Phone,29533
683435708,BLU Life Play X,LIFE PLAY X,4878,5,Phone,36160
683435709,Motorola DEFY,MB525,2860,2,Phone,16093
683435710,Alcatel One Touch 988,ALCATEL_one_touch_988,2745,2,Phone,32796
683435711,Vizio Tablet VTAB1008,VTAB1008,4885,4,Tablet,28345
683435712,Motorola DROID RAZR,XT912,4566,3,Phone,29330
683435713,LG Optimus C LW690,LG-LW690,3236,4,Phone,13927
683435714,Samsung Galaxy K Zoom,SM-C111,4810,5,Phone,31543
683435715,Samsung Galaxy Young S6310,GT-S6310L,3526,4,Phone,33711
683435716,Cricket,ZTE-X500,4608,1,Phone,20550
683435717,ASUS MeMO Pad 8,K011,4581,2,Tablet,17489
683435718,BLU DASH 4.0,BLU DASH 4.0,4844,4,Phone,23554
683435719,RCA RCT6773W22,RCT6773W22,3085,2,Tablet,24857
683435720,Huawei Ascend II,M865,2640,1,Phone,42271
683435721,LG G Pad 7.0,VK410,4955,2,Tablet,16795
683435722,Samsung Galaxy S 4,SGH-M919V,3437,2,Phone,32545
683435723,Trio Stealth G2,Trio Stealth_10,2814,5,Tablet,8810
683435724,Galaxy S3 Mini,GT-I8200N,4848,1,Phone,36236
683435725,Maxwest Orbit X50,ORBIT_X50,4542,3,Phone,20653
683435726,Samsung Galaxy Xcover,GT-S5690L,4161,2,Phone,11654
683435727,ASUS MeMO Pad,ME302KL,3430,2,Tablet,20950
683435728,LG Optimus One,LG-P504,4123,3,Phone,42695
683435729,BLU Life Play,LIFE PLAY,4658,2,Phone,29274
683435730,Apex EMDOOR EM63 7 HD,EMDOOR EM63,4733,5,Tablet,43537
683435731,Samsung Galaxy Note 3 Neo,SM-N750,3912,3,Phone,20173
683435732,Lg G Pro Lite Dual,LG-D686,2521,1,Phone,44792
683435733,Samsung Galaxy S5 Mini,SM-G800F,2729,2,Phone,22455
683435734,Alcatel OneTouch Pop C9,ALCATEL ONE TOUCH 7047A,3012,2,Phone,33567
683435735,Samsung Galaxy Core II,SM-G355H,3886,2,Phone,26851
683435736,Samsung I5503,GT-I5503,4117,2,Phone,7064
683435737,Kocaso M870,M870,3478,4,Tablet,30973
683435738,nabi DreamTab,DMTAB-NV08B,4756,2,Tablet,9690
683435739,LG G Pro Lite,LG-D680,3786,5,Phone,43524
683435740,Sony Xperia acro S,LT26w,3672,5,Phone,20102
683435741,Diablotek D2-711 Pad Tablet,D2-711,2722,4,Tablet,13409
683435742,HTC Butterfly S,HTC Butterfly s,3125,1,Phone,44755
683435743,Samsung Galaxy Player 4.0,YP-G1,2781,5,Phone,24344
683435744,Blu Life Pure XL,LIFE PURE XL,2922,2,Phone,5244
683435745,SAMSUNG TOUCH 3,SM-G310R5,4035,2,Phone,35845
683435746,LG G FLEX,LG-D958,4005,3,Phone,36641
683435747,Sony Xperia Z2,D6502,3641,2,Phone,5688
683435748,Samsung Galaxy Tab,SGH-I987,4528,2,Tablet,35991
683435749,Nextel V.45,V.45,3641,2,Phone,10299
683435750,BLU Life Pro,LIFE PRO,3740,1,Phone,49673
683435751,Samsung Infuse 4G,SGH-I997,3613,3,Phone,33189
683435752,DIGIX TAB-740,TAB-740_G,3751,3,Tablet,10364
683435753,LG Optimus S,LG-LS670,3396,4,Phone,5468
683435754,Barnes & Noble NOOK Tablet,Barnes & Noble Nook Tablet,3305,2,Tablet,44611
683435755,Samsung Galaxy Note,I9220,4952,3,Phone,26885
683435756,Fujitsu Arrows NX,F-01F,4110,5,Phone,43557
683435757,Sony XPERIA Z C6603,C6603,4456,4,Phone,11237
683435758,Sony Xperia Z3 Compact,D5803,4478,5,Phone,7829
683435759,Sony Xperia M,C1904,4010,5,Phone,36001
683435760,HTC Desire 501 Dual SIM,HTC Desire 501 dual sim,4634,2,Phone,18831
683435761,Samsung Galaxy S III mini,GT-I8200,3461,3,Phone,15435
683435762,iView Cyberpad,435TPC,3503,1,Tablet,44519
683435763,Mach Speed Trio Droid-7C,TRIO 7C,4003,3,Tablet,23594
683435764,HTC One M7,M7,4698,2,Phone,48107
683435765,Motorola XOOM MZ601,MZ601,4136,4,Tablet,15362
683435766,ZTE Groove X501,X501_USA_RS,4516,3,Phone,21388
683435767,Nokia N97,M97,3512,4,Tablet,33960
683435768,Samsung Galaxy S4 mini,GT-I9190,3959,2,Phone,7886
683435769,GALAXY Note 4,SM-N910W8,2743,3,Phone,23168
683435770,LG G3 US990,LG-AS990,2949,5,Phone,29457
683435771,Samsung Galaxy Note,Note II,3549,3,Phone,27374
683435772,BLU Life One M,BLU LIFE ONE M,3695,4,Phone,22464
683435773,Nextbook Premium8HD,NX008HD8G,4259,5,Tablet,36864
683435774,BLU Vivo 4.8 HD,VIVO 4.8 HD,4218,3,Phone,18909
683435775,HTC Desire 816,HTC Desire 816,3918,2,Phone,40630
683435776,ASUS ZenFone 6,ASUS_T00G,4190,3,Phone,6081
683435777,ZTE Solar,Z795G,4485,5,Phone,49107
683435778,HP 10,HP 10,3238,5,Tablet,28141
683435779,HTC Desire 600 dual sim,HTC Desire 600,3780,2,Phone,10748
683435780,Asus Transformer Pad,K00C,3956,2,Tablet,18921
683435781,UMX U680C,U680C,2973,2,Phone,23753
683435782,HTC M8x,HTC_M8x,3099,5,Phone,37894
683435783,HTC One 801s,HTC One 801s,4043,2,Phone,44403
683435784,Lenovo Tab A7_40,Lenovo A3500-FL,2656,4,Tablet,48450
683435785,Sony - Xperia T2 Ultra,D5316,4209,1,Phone,28289
683435786,Motorola Triumph,Motorola Triumph,4173,5,Phone,39093
683435787,Motorola Triumph,WX435,4582,1,Phone,35801
683435788,Sony Xperia Z3,D6603,4228,5,Phone,22785
683435789,Oregon scientific,OP0118-12,4971,5,Tablet,15589
683435790,ALCATEL A845L,ALCATEL A845L,3940,4,Phone,36860
683435791,HTC Wildfire S,HTC-PG762,4993,2,Phone,34916
683435792,HTC Droid,Eris,2519,1,Phone,33292
683435793,verykool s401,verykool S401,2986,3,Phone,31482
683435794,Samsung Galaxy S 4,SGH-S970G,4564,2,Phone,10262
683435795,Asus MeMO Pad 7,K017,3307,1,Tablet,26066
683435796,LG G3â€°Ã£Â¢ Verizon,LG-VS985,4138,5,Phone,7426
683435797,Samsung Galaxy Tab 8.9,SAMSUNG-SGH-I957,3346,1,Tablet,43969
683435798,LG Optimus VU II,LG-F200L,3898,2,Phone,41561
683435799,Huawei Ascend Y300,HUAWEI Y300-0151,4934,2,Phone,46130
683435800,Motorola Moto G2,XT1068,4277,2,Phone,26067
683435801,AQUOS PHONE ZETA,SH-01F,4765,2,Phone,12043
683435802,HTC Desire,HTC Desire 816 dual sim,2621,5,Phone,23996
683435803,Motorola Photon Q,XT897S,4765,2,Phone,45725
683435804,Samsung Galaxy Note II,SGH-I317,3330,5,Phone,31490
683435805,Maxwest Orbit 4400,Orbit 4400,2603,2,Phone,17708
683435806,Maxwest ORBIT TAB PHONE 9,Orbit TAB Phone 9,3457,5,Tablet,14912
683435807,Ione Max View,MAX_VIEW_5.5,3900,3,Phone,32196
683435808,T-Mobile Garminfone,Garminfone,2886,5,Phone,6512
683435809,Maxwest Gravity 5.5,GRAVITY 5.5,2889,1,Phone,45583
683435810,Alcatel OneTouch Idol mini,ONE TOUCH 6012A,2608,3,Phone,45497
683435811,HTC One dual sim,HTC One dual sim,4075,4,Phone,24445
683435812,Tablet gs701b,gs701b,3178,5,Tablet,48254
683435813,Samsung Galaxy Note 3 Dual Sim,SM-N9002,2882,5,Phone,16283
683435814,Maxwest Orbit 6200T,ORBIT 6300,3017,3,Phone,7947
683435815,LG Optimus Slider,LG-VM701,2836,3,Phone,14433
683435816,Sky Devices 5.0Q,Sky 5.0Q,4396,5,Phone,6883
683435817,nabi DreamTab,DMTAB-IN08A,3469,4,Tablet,42075
683435818,Posh Mobile Revel,S500A,3232,3,Phone,13068
683435819,Samsung GALAXY S III Neo,GT-I9301I,2987,1,Phone,42964
683435820,Tablet android 7,M729,4394,3,Tablet,5992
683435821,SkyZone SKY-901 FPV,KY-901,3371,3,Tablet,47249
683435822,GoSmart,Coolpad Flo,4316,3,Phone,41729
683435823,Black 7'' Chromo,ZX-A13,3526,2,Tablet,27485
683435824,Gallien-Krueger MB200,MB200,2890,4,Phone,15097
683435825,Nokia X,Nokia_X,4855,5,Phone,47584
683435826,LG D410 L90 Dual,LG-D410,3300,3,Phone,5386
683435827,Amazon Kindle Fire HD 8.9,KFJWA,3698,1,Tablet,35121
683435828,Sony Z Ultra,C6806_GPe,3060,5,Phone,38004
683435829,Samsung Galaxy S4 zoom,SM-C101,2898,2,Phone,42803
683435830,Star N8000,N8000_USA_RS,4145,5,Phone,12657
683435831,Sony Xperia Tablet Z,SGP311,4114,2,Tablet,23465
683435832,Sony Xperia J,ST26a,4240,4,Phone,9016
683435833,LG Optimus V909,LG-V909,4904,5,Tablet,43606
683435834,Samsung Galaxy S III,SHV-E210L,3698,4,Phone,37757
683435835,Maxwest Orbit 6200T,ORBIT 6200T,3052,1,Phone,14497
683435836,TTsims M6,M6,3989,5,Phone,45813
683435837,Motorola BRAVO MB520,MB520,3809,2,Phone,21214
683435838,Lenovo IdeaTab,IdeaTabA1000-F,3221,4,Tablet,25975
683435839,LG Ignite AS855,LG-AS855,3978,2,Phone,13832
683435840,KurioPhone,KurioPhone,2502,2,Phone,35649
683435841,HTC One mini 2,HTC One mini 2,3042,2,Phone,36355
683435842,Samsung Galaxy Note,SM-P605,3392,5,Tablet,21754
683435843,Huawei Fusion U8652,Huawei-U8652,3928,5,Phone,6321
683435844,Samsung Galaxy Note 10.1,GT-N8000,3311,1,Tablet,13658
683435845,LG G-PAD,LG-V500,4798,1,Tablet,49235
683435846,Samsung Galaxy K S5 Zoom,SM-C111M,3198,2,Phone,44052
683435847,Micromax A110,A110,4679,1,Phone,38184
683435848,Samsung Galaxy Grand Prime,SM-G530H,4962,1,Phone,19796
683435849,LANIX Ilium S120,ILIUM S120,4978,5,Phone,29520
683435850,Samsung Gravity Smart,SGH-T589,3811,3,Phone,14738
683435851,ViewSonic V55,V55,3295,3,Phone,45468
683435852,Motorola DROID X2,Milestone X2,3729,5,Phone,40842
683435853,HTC One M8,MAX ONE 5.5,3222,1,Phone,12117
683435854,Amazon Kindle Fire,KFAPWI,4929,2,Phone,11026
683435855,Micromax Canvas HD Plus A190,Micromax A190,3408,1,Phone,40401
683435856,Haipai I9389,I9389,3362,3,Phone,40820
683435857,Trio AXS 4G,Trio AXS 4G,4889,5,Tablet,36331
683435858,BLU Studio 5.0 K,STUDIO 5.0K,2918,5,Phone,16619
683435859,HTC J One,HTL22,3677,2,Phone,9811
683435860,Samsung Galaxy S4,SC-04E,4173,5,Phone,6651
683435861,Maxwest Virtue Phablet 7,Virtue Phablet 7,3693,1,Tablet,33152
683435862,HP 7 G2,HP 7 G2,4579,4,Tablet,24432
683435863,Sony Xperia P,LT22i,4836,3,Phone,15613
683435864,Huawei U8180 IDEOS X1,U8180,3145,3,Phone,8809
683435865,ZTE Grand X Max,Z987,3761,2,Phone,15258
683435866,BLU Studio 7.0,BLU STUDIO 7.0,4580,5,Tablet,35403
683435867,Toshiba Excite Pure AT10-A,AT10-A,3240,4,Tablet,19374
683435868,ASUS Eee Pad Transformer Prime,Transformer Prime TF201,3684,1,Tablet,6563
683435869,Samsung Galaxy Tab 3,SM-T311,3396,1,Tablet,44716
683435870,I10A-LE,I10A-LE,4525,3,Tablet,16851
683435871,BLU Tank 4.5,TANK 4.5,2799,1,Phone,12711
683435872,Huawei Ascend Y320,HUAWEI Y320-U151,3608,1,Phone,48066
683435873,C20i,C20i,2590,3,Phone,38727
683435874,SAMSUNG GALAXY NOTE 3,SM-N900K,2849,4,Phone,48970
683435875,comet mobile,Comet,3958,5,Phone,48035
683435876,LG G2 D805,LG-D805,4675,5,Phone,19392
683435877,Plum Z512,Z512,3905,3,Phone,23738
683435878,nabi XD 10.1,NABIXD-NV10B,4116,1,Tablet,23574
683435879,Samsung Galaxy S4 LTE-A,SHV-E300S,3794,5,Phone,46024
683435880,Mach Speed Trio DROID-7C,TRIO7C,4117,4,Tablet,41582
683435881,Samsung Galaxy Fame Dous,GT-S6812i,3706,1,Phone,24695
683435882,Que 5.5,QUE 5.5,4162,2,Phone,19408
683435883,Lenovo A788t,Lenovo A788t,2876,3,Phone,31117
683435884,Samsung Galaxy Core LTE,SM-G386W,4065,3,Phone,43984
683435885,samsung,SCH-R730,3538,3,Phone,27426
683435886,Apex 785 Tablet 16GB,TM785CH,3380,1,Tablet,8878
683435887,Huawei Honor 2,HUAWEI U9508,3391,5,Phone,43218
683435888,Motorola Moto Maxx,XT1225,4207,3,Phone,45096
683435890,Samsung Galaxy S4,SHV-E330S,4899,1,Phone,23348
683435891,Motorola Triumph,Triumph,4425,4,Phone,13244
683435892,Samsung HomeBoy Galaxy Tab,SM-T210L,4941,2,Tablet,14092
683435893,Huawei MediaPad 10,MediaPad 10 FHD,4487,3,Tablet,43983
683435894,ZTE Avail,ZTE-Z990,4869,5,Phone,26296
683435895,ZTE Grand S,ZTE Grand S,4279,5,Phone,30812
683435896,Allwinner A13,A13-MID,4248,3,Tablet,34895
683435897,Samsung Galaxy S4 Mini,SGH-I257M,3421,2,Phone,40918
683435898,Galaxy S 3,SHW-M440S,2919,4,Phone,27778
683435899,Lenovo S5000,Lenovo S5000-F,3556,5,Tablet,12427
683435900,OnePlus One,One A0001,3597,3,Phone,15700
683435901,Samsung Galaxy Note 4,SM-N910C,3040,5,Phone,39021
683435902,HTC Desire Z,HTC Vision,3433,3,Phone,32657
683435903,Samsung Galaxy Tab S,SM-T707V,3955,1,Tablet,12145
683435904,Sony Xperia E,C1504,4636,2,Phone,27419
683435905,Samsung Galaxy Note 10.1,SM-P605S,3366,4,Tablet,25048
683435906,BLU Vivo IV,VIVO IV,3968,5,Phone,34119
683435907,Alcatel One Touch Pop C5,ALCATEL ONE TOUCH 5036A,4697,4,Phone,26303
683435908,RCA Pro10 Edition,RCT6103W46,2844,5,Tablet,5072
683435909,HTC T-Mobile MyTouch 3G Slide,T-Mobile myTouch 3G Slide,4926,3,Phone,40764
683435910,HTC Inspire 4G,HTC Inspire 4G,4134,5,Phone,12101
683435911,Samsung Galaxy S4,SGH-I337,3301,5,Phone,41446
683435912,MYeebo ACM3066-8,ACM3066-8,2688,4,Tablet,30938
683435913,Samsung Galaxy Tab 3 10.1,GT-P5200,3968,3,Tablet,9470
683435914,Motorola DROID BIONIC,XT875,4702,5,Phone,6297
683435915,Plum Gator Z350,Z350,4516,2,Phone,5461
683435916,Samsung Galaxy Note 3 Neo Duos,SM-N7502,4253,4,Phone,44832
683435917,Revel R-40,REVEL R.40,3205,5,Phone,9333
683435918,Lenovo IdeaTab,IdeaTab A3000-F,4789,3,Tablet,41943
683435919,Motorola XT621,XT621,4578,3,Phone,38218
683435920,NVIDIA Shield Tablet,SHIELD,2935,4,Tablet,48326
683435921,LG Optimus Black,LGL85C,4996,1,Phone,44923
683435922,LG L90 D400,LG-D400,2920,1,Phone,11806
683435923,LG AS876 F90,AS876,4233,1,Phone,24846
683435924,Motorola G Forte,XT1008,4613,3,Phone,24234
683435925,LG F350L G Pro 2,LG-F350L,4538,3,Phone,18018
683435926,NuVision TM785M3,TM785M3,4226,4,Tablet,31988
683435927,Sony Xperia M2,M2,3010,2,Phone,40905
683435928,Sony Xperia ZL,C6502,3366,4,Phone,13636
683435929,Toshiba AT200,AT200,3321,1,Tablet,30724
683435930,Samsung Galaxy Note,GT-N8010,2713,2,Tablet,41727
683435931,LG Optimus G,LG Optimus G,4940,4,Phone,12845
683435932,ZTE Nubia Z5S mini,NX405H,2672,5,Phone,12250
683435933,M4Tel M4Live,M4 SS1060,2938,2,Phone,32327
683435934,Samsung Galaxy Tab 7.0 Plus,SGH-T869,3227,2,Tablet,8341
683435935,Aquos Phone Zeta,SH-06E,4587,2,Phone,37741
683435936,iDROID IKON Z5,IKON Z5,4086,1,Phone,34101
683435937,HTC Inspire 4G,Inspire 4G,3644,2,Phone,22129
683435938,HTC ADR6230,USCCADR6230US,4390,1,Phone,48600
683435939,HTC Desire 500,HTC Desire 500,4784,5,Phone,37400
683435940,HTC Sensation XE,HTC Sensation XE with Beats Audio,3763,5,Phone,14757
683435941,Samsung Galaxy S Showcase,SCH-S950C,4950,3,Phone,43290
683435942,HTC One Mini,HTC_PO582,4606,2,Phone,34165
683435943,Sony Ericsson Xperia X10 mini pro,U20i,2538,2,Phone,48058
683435944,Samsung,SHV-E160L,4604,5,Phone,8468
683435945,Sony Xperia Z Ultra,C6833,3297,5,Phone,14900
683435946,Samsung Gem,SCH-I100,4441,4,Phone,44109
683435947,Samsung Galaxy Mega 6.3 LTE,SGH-I527M,3289,2,Phone,32419
683435948,ASUS ZenFone 5,ASUS_T00F,2681,3,Phone,9940
683435949,ARCHOS 80 G9,ARCHOS 80G9,2797,5,Tablet,9278
683435950,Samsung Galaxy s II,SHW-M250L,4776,1,Phone,46350
683435951,LG Optimus LTE,LG-LU6200,4578,1,Phone,34472
683435952,Kyocera DuraForce,KYOCERA-E6560,3888,1,Phone,42340
683435953,Motorola RAZR HD,XT925,4086,2,Phone,22120
683435954,Doogee Dagger DG550,DAGGER DG550,3106,2,Phone,41801
683435955,Blackberry Z30,Z30,2798,4,Phone,26299
683435956,Teletalk,X110Q,3507,5,Phone,25693
683435957,Motorola Moto X,Moto X,3247,3,Phone,34920
683435958,Samsung Galaxy S4 LTE-A,SHV-E330K,2648,2,Phone,29413
683435959,Samsung Galaxy Tab S,SM-T807T,2833,5,Tablet,5395
683435960,LG Optimus L7II,LG-P716,4122,4,Phone,33561
683435961,SuperNova DLX 8,dlx,4421,1,Phone,35565
683435962,Huawei Ascend Mate 2,MT2L03,3154,4,Phone,5288
683435963,LIFETAB E723X,LIFETAB_E723X,3795,3,Tablet,5897
683435964,Maxwest Virtue Z5T,Virtue Z5T,4369,4,Phone,24905
683435965,Samsung Galaxy S II X,SGH-T989D,3525,3,Phone,27493
683435966,Xiaomi HM 1SW,HM 1SW,3491,1,Phone,37066
683435967,Samsung Galaxy mini 2,GT-S6500,2838,2,Phone,30678
683435968,Samsung Galaxy Ace Duos,GT-S6802,4569,2,Phone,11111
683435969,Trio AXS,Trio AXS,4949,1,Tablet,13707
683435970,Goophone MF353ZP/A,MF353ZP/A,3969,1,Phone,13802
683435971,ZTE Z667,Z667,3417,1,Phone,46255
683435972,Samsung Galaxy S4,GT-I9502,4939,1,Phone,35646
683435973,Sony Xperia ZR,C5502,4482,1,Phone,44605
683435974,Google Nexus 9,Nexus 9,3321,3,Tablet,7097
683435975,Samsung Galaxy Pocket Neo S5310,GT-S5310,4857,2,Phone,17778
683435976,"SoftwinerEvb 8""",SoftwinerEvb,4198,4,Tablet,18546
683435977,Samsung Galaxy Prevail,SPH-M820,4855,4,Phone,47808
683435978,SUNSKY,F7102,4817,1,Phone,29695
683435979,Emerson Em744,EM744,2548,3,Tablet,34996
683435980,Motorola IronRock XT626,XT626,3020,2,Phone,32055
683435981,OIOO Model 2,Model 2,4276,5,Tablet,40044
683435982,LAUDE MAY S500,LAUDE S500,2565,3,Phone,33347
683435983,Samsung SGH-T859,SGH-T859,4394,5,Tablet,36210
683435984,Sony Xperia Z3,D6653,2896,2,Phone,17464
683435985,HTC One XL,HTC One XL,4060,2,Phone,24109
683435986,LG Optimus,LG-P768,3550,1,Phone,32210
683435987,M4 Sense,M4 SS1070,4707,1,Phone,19713
683435988,OPPO Find 7a,X9006,4746,5,Phone,40504
683435989,Fujitsu Stylistic,M532,2702,3,Tablet,26189
683435990,801ES,801ES,3866,4,Phone,29042
683435991,AMEX Digital MP-G7,MP-G7,3610,3,Phone,35163
683435992,HTC HD2,NexusHD2,2775,1,Phone,20537
683435993,Samsung Galaxy S II LTE,SGH-I727R,2579,1,Phone,43375
683435994,Huawei Ascend Mate,HUAWEI MT1-U06,2560,4,Phone,26365
683435995,Oracle VM VirtualBox,VirtualBox,3231,4,Tablet,41590
683435996,Samsung Galaxy S5 SM-G9006V,SM-G9006V,2527,1,Phone,41627
683435997,Samsung Galaxy S5,SM-G900L,4265,4,Phone,6011
683435998,Lenovo S750,Lenovo S750,3232,3,Phone,8610
683435999,CUBOT P9,CUBOT P9,3025,3,Phone,41062
683436000,Sony Xperia T,LT30a,5000,3,Phone,27743
683436001,HTC Desire X Dual Sim,HTC Desire X dual sim,4214,1,Phone,9993
683436002,Maxwest Orbit X50,X50,3499,1,Phone,44415
683436003,Innos i6,NXL6C,3392,2,Phone,39099
683436004,LG Optimus G F180,LG-F180L,4704,1,Phone,36842
683436005,Motorola RAZR i XT890,XT890,2912,3,Phone,43244
683436006,Lenovo IdeaTab,A2107A-H,3010,4,Tablet,34744
683436007,LG OPTIMUS L4 II E440,LG-E440,4846,2,Phone,18563
683436008,T-Mobile myTouch 4G,myTouch 4G,3098,2,Phone,38750
683436009,THL T6S,thl T6S,3539,2,Phone,44846
683436010,Motorola CITRUS,WX445,2762,1,Phone,40497
683436011,ViewSonic-V350,ViewSonic-V350,4702,5,Phone,17248
683436012,Samsung Galaxy Pocket Neo,GT-S5310L,3963,1,Phone,42888
683436013,Maxwest Orbit 6200,ORBIT 6200,3672,2,Phone,27678
683436014,Sony XPERIA L,C2105,4219,4,Phone,20833
683436015,Amazon KFASWI,KFASWI,4697,2,Phone,23045
683436016,Samsung Galaxy Ace 2,GT-I8160L,3941,1,Phone,15776
683436017,ARROWS NX F-06E,F-06E,3877,1,Phone,40776
683436018,Samsung Galaxy Note 3,N9002,2747,4,Phone,32268
683436019,ZTE Blade L2,ZTE Blade L2,4688,5,Phone,13694
683436020,SKY PHONE,Sky 5.0S,4928,1,Phone,29640
683436021,Amazon Kindle Fire HD 8.9,KFJWI,4582,4,Tablet,24776
683436022,Samsung Galaxy Music Duos,GT-S6012,2732,3,Phone,6722
683436023,Lenovo IdeaTab A8,Lenovo A5500-H,3279,1,Tablet,21278
683436024,Samsung Galaxy Tab S,SAMSUNG-SM-T707A,3085,2,Tablet,29543
683436025,Motorola RAZR D3 XT920,XT920,3522,2,Phone,34577
683436026,Samsung galaxy TAB 8.9,GT-P7310,4730,1,Tablet,39030
683436027,Emachines M2105,M2105,2672,4,Tablet,13580
683436028,Barnes & Noble Nook Color,NookColor,3670,2,Tablet,22257
683436029,Sony Docomo Xperia Z3,SO-01G,3389,5,Phone,22687
683436030,Samsung  Galaxy Ace II,GT-I8160P,3366,3,Phone,32393
683436031,XOLO Q1010i,Q1010i,4651,4,Phone,20717
683436032,Samsung Galaxy S,SGH-I897,2515,4,Phone,12577
683436033,Leagoo Lead 1,Lead 1,4199,2,Phone,11160
683436034,Sony Xperia Tipo,ST21a,3195,1,Phone,18268
683436035,Motorola XOOM Media Edition,MZ505,4228,5,Tablet,31054
683436036,LG Optimus L3II,LG-E425f,3672,2,Phone,12942
683436037,Samsung Galaxy Gran 2 Duos TV SM,SM-G7102T,4639,3,Phone,16163
683436038,Alcatel One Touch POP C1,ONE TOUCH 4016A,2618,3,Phone,49370
683436039,Samsung Galaxy S4 Mini,SHV-E370K,3522,5,Phone,10267
683436040,Alcatel One Touch Pop C7,ALCATEL ONE TOUCH 7040A,4284,1,Phone,47386
683436041,Samsung Galaxy Alpha,SM-G850F,3012,3,Phone,33657
683436042,HTC Acquire,HTC Acquire,4128,1,Phone,40988
683436043,Symphony Xplorer T7i,Xplorer T7i,3571,3,Tablet,32667
683436044,Galaxy Rugby,SGH-I547C,2911,4,Phone,19731
683436045,LG Optimus G Pro,F240,3424,1,Phone,30162
683436046,LG Optimus S G2,LG-F320S,3419,1,Phone,5795
683436047,Samsung Galaxy S III,SHV-E210S,2607,1,Phone,21649
683436048,SONY Xperia Z,C6616,2874,4,Phone,17520
683436049,Samsung Galaxy Tab 4 10.1,SM-T530,2991,5,Tablet,49221
683436050,LG L Series III L30 D120,LG-D120,3882,3,Phone,11130
683436051,Samsung Galaxy Core 2 Duos,SM-G355M,4618,2,Phone,22297
683436052,Lenovo Tab S8,Lenovo TAB S8-50F,4204,3,Tablet,28865
683436053,Alps,709_v82_jbla858,3355,4,Phone,27604
683436054,Asus T00P,ASUS_T00P,4239,3,Phone,39964
683436055,Motorola CLIQ 2,MB611,2672,4,Phone,22518
683436056,M-HORSE N9000,N9000W,2985,3,Phone,44289
683436057,Acer Iconia Tab A700,A700,2598,1,Tablet,17559
683436058,Samsung Galaxy Pop,SHV-E220S,3667,4,Phone,5799
683436059,Amazon Kindle Fire HD,Amazon Tate,2799,2,Tablet,36706
683436060,Sony Xperia Z1,C6906,2865,2,Phone,27382
683436061,Barnes & Noble Nook HD+,BN Nook HD,4446,3,Tablet,48027
683436062,Ematic EM63,EM63,3598,3,Tablet,31525
683436063,HTC Butterfly,HTC Butterfly,3675,1,Phone,17996
683436064,DOPO 7,T711,4050,5,Tablet,43318
683436065,GALAXY S4 mini,GT-I9195L,4627,4,Phone,46974
683436066,Posh Pegasus S400A,S400A,3913,4,Phone,18477
683436067,uni,Uni 17-10-2013 12:48,4890,2,Phone,7454
683436068,HUAWEI Ascend P1,U9200,3985,3,Phone,39269
683436069,HTC Desire,IROCK601,4228,3,Phone,31650
683436070,Amazon Kindle Fire HDX 7,KFTHWA,4714,1,Tablet,7415
683436071,Sony Xperia Go,ST27i,3037,3,Phone,32700
683436072,Trio Stealth G4,Trio-Stealth G4 10.1,4707,1,Tablet,20654
683436073,Karbonn Titanium X,Karbonn Titanium X,3216,1,Phone,21721
683436074,Samsung Galaxy Tab 4,SM-T230,4431,1,Tablet,42616
683436075,Motorola RAZR D1,XT914,4564,2,Phone,29221
683436076,Alcatel One Touch 995a,ALCATEL_one_touch_995A,2819,3,Phone,41038
683436077,Cube Talk 9X,U65GT,3622,3,Tablet,43543
683436078,ZTE Blade C2,ZTE V809,3141,4,Phone,18672
683436079,Samsung Galaxy S4 Value Edition GT-I9515,GT-I9515,2517,5,Phone,27257
683436080,LG G3,AS985,4057,3,Phone,25046
683436081,Star N3 Smartphone MTK6592,Star N3+,3580,4,Phone,25080
683436082,Zeki TBDG773,TBDG773,2621,4,Tablet,6909
683436083,Samsung Galaxy S2,GT-I9100T,4619,2,Phone,42812
683436084,Sony Xperia TX,LT29i,3093,1,Phone,24007
683436085,Huawei Ascend II,USCCADR3305,3636,3,Phone,19300
683436086,HTC PB99400,PB99400,4493,4,Phone,39897
683436087,LG LGL96G Optimus Ulitmate,LGL96G,2511,1,Phone,14257
683436088,Samsung Galaxy Fame,GT-S6810L,2706,1,Phone,30976
683436089,HTC Sensation XE,HTC Sensation 4G with Beats Audio,3699,3,Phone,12640
683436090,Amazon KFARWI,KFARWI,4650,2,Phone,30097
683436091,Sony Xperia C3 Dual,D2502,3965,1,Phone,21571
683436092,"FUHU nabi XD 10.1""",NABIXD-NV10C,3456,5,Tablet,23054
683436093,Sony Xperia Z Ultra,C6802,3726,2,Phone,36849
683436094,Wiko Cink Five,CINK FIVE,4311,5,Phone,12843
683436095,Ulefone 106_v89_gq3010hd_op,106_v89_gq3010hd_op,3490,3,Phone,44067
683436096,Sony Xperia miro,ST23a,3540,2,Phone,24223
683436097,LG Optimus L7 II,LG-P714,4235,3,Phone,44368
683436098,Meizu MX2,M040,4215,5,Phone,11306
683436099,Posh Mobile Equal,ABROAD,3491,5,Phone,45037
683436100,Posh Mobile Equal,S700A,3496,4,Phone,36470
683436101,NVIDIA Tegra Note P1640,TegraNote-P1640,4686,5,Tablet,28386
683436102,Micromax Canvas MAd A94,Micromax A94,4951,5,Phone,31018
683436103,GALAXY Core Plus,SM-G350M,3258,5,Phone,16868
683436104,Huawei M886 Mercury,HUAWEI M868,4705,2,Phone,12245
683436105,Android 4.2.1 Quad Core,N7100+,3779,3,Phone,8187
683436106,Lepan TC970,TC970 (Wi-Fi),2829,2,Tablet,47488
683436107,Trio-Stealth G4 7,Trio-Stealth G4 7,4002,3,Tablet,25599
683436108,Nextel V.35,V.35,3709,2,Phone,39519
683436109,Sony Ericsson Xperia,X10,4319,2,Phone,25245
683436110,Huawei MediaPad M1,M1,2534,2,Phone,47880
683436111,Barnes & Noble NOOK HD BNTV400,BNTV400,4859,2,Tablet,46457
683436112,Hebrew Lexicon,H8336,2900,5,Tablet,38467
683436113,HUAWEI Y340-U081,Y340-U081,4885,1,Phone,37385
683436114,Sony Xperia C,C2305,4271,4,Phone,43061
683436115,Lg D320 L70,LG-D320,2587,5,Phone,39128
683436116,Lenovo IdeaTab A3500-F,Lenovo A3500-F,3366,1,Tablet,8139
683436117,LG Optimus Vu II F200,LG-F200,3821,2,Phone,22402
683436118,Samsung Acclaim,SCH-R880,3340,1,Phone,20836
683436119,RCA 10.1,RCT6203W46,3077,5,Tablet,23295
683436120,ASUS Zenfone 5,A501,4000,4,Tablet,24191
683436121,Samsung Galaxy Fame Lite Duos,GT-S6792L,4771,4,Phone,16838
683436122,Samsung I9500 Galaxy S4,SAMSUNG-GT-I9500,3664,4,Phone,14744
683436123,LG G2 Verizon VS980,LG-VS980,4406,4,Phone,17579
683436124,SKY DEVICES SKY 5.0W,SKY 5.0W,4349,3,Phone,11580
683436125,LG Optimus L5,LG-E612g,2733,2,Phone,38442
683436126,HTC Desire 600,HO-600,4927,4,Phone,25311
683436127,Alcatel One Touch S'Pop,ALCATEL ONE TOUCH 4030A,4193,1,Phone,15861
683436128,Huawei Ascend P7,HUAWEI P7-L10,3640,1,Phone,34668
683436129,Alcatel One Touch Idol,ALCATEL ONE TOUCH 6030A,2615,3,Phone,39173
683436130,Sony Xperia ZL,C6506,4298,1,Phone,36316
683436131,LG Optimus G,LG-E975,3853,5,Phone,42904
683436132,iRulu Universe 1,IRULU U1,2990,2,Phone,28838
683436133,Samsung Galaxy S3,GT-I9300T,3238,4,Phone,12558
683436134,Samsung Galaxy Tab,GT-P1010,4117,1,Tablet,17907
683436135,HTC Amaze 4G,HTC Ruby,4494,1,Phone,18545
683436136,LG Optimus L9,LG-P760,4905,3,Phone,8173
683436137,Motorola Moto G 4G,XT1040,3595,1,Phone,16903
683436138,Huawei Ascend G330,HUAWEI Y330-U05,3850,3,Phone,13365
683436139,LG Optimus Black P970,LG-P970g,4396,4,Phone,5166
683436140,Lenovo Yoga Tablet 2,YOGA Tablet 2-830F,4523,2,Tablet,33532
683436141,Motorola Moto G,Moto G,4930,1,Phone,47470
683436142,Acer Iconia Tab,B1s,2586,4,Tablet,35582
683436143,Gigaset E500A,E500A,3560,3,Phone,34417
683436144,LANDVO L200,L200,4833,1,Phone,21051
683436145,HUAWEI G610-U15,HUAWEI G610-U15,2702,3,Phone,33497
683436146,LG G Watch W100,W100,2673,1,Phone,37941
683436147,Huawei Ascend Y336,HUAWEI Y336-A1,4622,4,Phone,42032
683436148,Zeepad 7A20,Zeepad 7A20,4493,4,Tablet,7587
683436149,LG G2,LG-D803,3147,1,Phone,7772
683436150,T-Mobile myTouch 4G,myTouch 4g,4346,5,Phone,30824
683436151,Sanei G701,G701,3200,1,Tablet,32345
683436152,Sharp AQUOS Crystal,305SH,4145,4,Phone,32189
683436153,"Amazon Kindle Fire HD 8.9""",Amazon Jem,4378,1,Tablet,13615
683436154,Gigabyte GSmart T4,T4,4297,1,Phone,6984
683436155,Supersonic Matrix MID,SC-91JB,4466,1,Tablet,40928
683436156,le pan tc1020,Le Pan TC1020,3499,5,Tablet,33238
683436157,BlackBerry Passport,Passport,4859,5,Phone,13680
683436158,Sonim XP7,XP7700,4912,4,Phone,30702
683436159,XO Tablet,XO Learning tablet,4765,4,Tablet,46042
683436160,Plum Coach Plus II,Z621,3426,3,Phone,29191
683436161,Samsung Galaxy S 5 Plus,SM-G901F,4440,4,Phone,40903
683436162,Insignia Flex Tablet,NS-13T001,2921,2,Tablet,11750
683436163,Asus EEE Pad Slider SL101,Slider SL101,3817,2,Tablet,28286
683436164,Le Pan 10.1,Le Pan TC1010,4640,1,Tablet,13647
683436165,Galaxy SIII Mini,SM-G730W8,3136,3,Phone,30207
683436166,Orion,Orion,4325,4,Phone,34123
683436167,Gateway G1,G1-725,2895,4,Tablet,38574
683436168,Samsung Galaxy Tab S,SM-T805,2994,4,Tablet,9843
683436169,Samsung Galaxy Ace 4 Lite,SM-G313ML,3786,2,Phone,24758
683436170,Azpen-A1023,A1023,4120,5,Tablet,23385
683436171,Tegra K1,K1,4667,1,Tablet,5417
683436172,LG G Pad,LG-V510,2714,3,Tablet,31415
683436173,Samsung Galaxy S3 Slim,SM-G3812B,4805,3,Phone,14465
683436174,Visual Land Prestige 7L,Prestige 7L_4.1,3714,4,Tablet,46749
683436175,Tmn smart a8,A 8,4242,4,Phone,8027
683436176,HTM H9503,GT-H9503,4824,5,Phone,49446
683436177,Sony Ericsson Xperia X10,X10a,3707,4,Phone,19574
683436178,Opsson Duet D1,OPSSON D1,4703,5,Phone,24695
683436179,Motorola DROID RAZR HD,RAZR HD,3910,1,Phone,12875
683436180,LG Optimus L5 II,LG-E450g,4527,4,Phone,45059
683436181,TouchPad,Touchpad,4500,5,Tablet,12759
683436182,ZTE Illustra,Z788G,4468,5,Phone,31481
683436183,Toshiba Excite Pro,AT10LE-A,3168,5,Tablet,34217
683436184,HP Touchpad,HP Touchpad,4314,2,Tablet,47901
683436185,D2 Pad 727,D2-727,4675,3,Tablet,49447
683436186,Samsung Galaxy Note 4,SM-N910G,4712,3,Phone,15943
683436187,Samsung DoubleTime,SAMSUNG-SGH-I857,3994,5,Phone,24265
683436188,Kocaso M9100,M9100,2602,4,Tablet,42158
683436189,Samsung Galaxy S III,SC-03E,4972,1,Phone,25368
683436190,Alcatel One Touch 7024R,ALCATEL ONE TOUCH 7024R,2935,4,Phone,11123
683436191,Digital2 D502PB,D502PB,3323,5,Phone,16958
683436192,Intel ECS,TR10CS1,3207,5,Tablet,10064
683436193,Lenovo Yoga Tablet,Lenovo B8080-F,2569,5,Tablet,38617
683436194,Apex 7 Tablet,TM772,3017,1,Tablet,24969
683436195,HTC One E8,HTC One_E8,3074,2,Phone,46121
683436196,LG Optimus LTE2,LG-F160L,4714,3,Phone,13928
683436197,LG G2 mini,LG-D620,2652,1,Phone,46165
683436198,Samsung Galaxy S,YP-GI1,4533,4,Phone,20786
683436199,Q9000,MTK6589  ,3711,3,Phone,23480
683436200,Oppo Find 7,X9076,3462,3,Phone,40208
683436201,Samsung Galaxy Tab Pro 12.2 LTE,SM-T905,4977,4,Tablet,10375
683436202,Posh Mobile Orion Max,X550A,4989,5,Phone,32710
683436203,ASUS MEMO PAD,ME172V,2696,2,Tablet,22105
683436204,Lenovo Ideatab,Lenovo A3000-H,4319,1,Tablet,22053
683436205,Posh Mobile Orion Pro X500B,X500B,2696,5,Phone,18315
683436206,Samsung GALAXY Note 3,SM-N900J,4973,2,Phone,42156
683436207,Kyocera TorqueXT,E6715,4222,3,Phone,32042
683436208,Samsung i777 Galaxy S2,SGH-i777,4361,5,Phone,28687
683436209,BLU Elite 3.8,BLU Elite 3.8,3533,2,Phone,9387
683436210,Samsung Galaxy Core,GT-I8260L,2949,5,Phone,15493
683436211,Alcatel One Touch Pop C3,ONE TOUCH 4033A,3631,1,Phone,45477
683436212,Samsung SHW-M380W Galaxy Tab 10.1,SHW-M380W,3302,2,Tablet,28967
683436213,LG Optimus G Pro,LG-E989,2884,5,Phone,14370
683436214,Huawei Ascend Y511,HUAWEI Y511-U251,2744,2,Phone,33812
683436215,LG DoublePlay,LG-C729,3077,1,Phone,30853
683436216,docomo ARROWS NX,F-02G,4711,2,Phone,11806
683436217,ALCATEL one touch 995S,ALCATEL_one_touch_995S,4535,5,Phone,9076
683436218,Samsung Galaxy Young Duos,GT-S6312,3303,3,Phone,5347
683436219,LG Optimus G,LG-E971,4121,2,Phone,25342
683436220,Huawei Ascend Y,HUAWEI M866,2812,1,Phone,20609
683436221,Motorola ATRIX HD,ATRIX HD,4051,4,Phone,9002
683436222,BLU Life View Tab,LIFE VIEW TAB,4287,3,Tablet,17088
683436223,Xiaomi Mi 3,MI 3,2576,4,Phone,28135
683436224,Huawei Ascend G510,HUAWEI G510-0251,4212,1,Phone,24992
683436225,Kurio 10S,Kurio10S,4304,2,Tablet,44847
683436226,Samsung Galaxy S II,SHW-M250S,2662,5,Phone,15447
683436227,alps e1808_v75_jbl1a535,e1808_v75_jbl1a535,3240,5,Phone,7129
683436228,Alcatel One Touch,7040R,3885,2,Phone,7452
683436229,T-Mobile Trio AXS 3G,Trio AXS 3G,4273,5,Tablet,37540
683436230,HP 7 Plus G2 Tablet,HP 7,2559,2,Phone,41512
683436231,Sony Xperia M,C1905,2799,2,Phone,16481
683436232,iONE Max 4G 5.0,MAX 4G 5.0 ,3356,1,Phone,22389
683436233,Samsung Galaxy Note 2,GT-N7102,2679,4,Phone,17141
683436234,Sony Xperia SP,C5303,2934,5,Phone,33525
683436235,VIG4503,VIG4503,3176,1,Phone,44673
683436236,Sony Xperia E3,D2206,3721,4,Phone,10646
683436237,MOTOROLA MOTO G,XT1003,3278,4,Phone,31294
683436238,Alcatel One Touch 988,USCC_ALCATEL_one_touch_988,3210,5,Phone,6494
683436239,Samsung Galaxy S5,SM-G900,2692,5,Phone,35985
683436240,Kyocera Hydro Plus,Hydro_PLUS,3026,3,Phone,43396
683436241,ViewSonic VPC08 MID,MID,2913,3,Tablet,13484
683436242,Lenovo A880,Lenovo A880,4482,2,Phone,34378
683436243,KT Tech KM-E100,KM-E100,3490,2,Phone,11845
683436244,Toshiba AT270,AT270,4233,1,Tablet,30405
683436245,RCA RCT6272W23 7,RCT6272W23,4104,5,Tablet,34546
683436246,Posh Mobile Memo S580B,Memo S580B,4922,3,Phone,34277
683436247,Samsung Galaxy Note 4,SM-N910S,4044,4,Phone,16084
683436248,Motorola Novo Moto G DTV,XT1069,4861,2,Phone,12375
683436249,TABLET CIOECUD,TZXcpt,2613,3,Tablet,44365
683436250,HTC Flyer,HTC Flyer,3380,4,Phone,23802
683436251,Trio Stealth G4,Trio Stealth G4 7,2607,4,Tablet,6467
683436252,Pantech Vega Iron,IM-A870L,4637,3,Phone,45251
683436253,#NAME?,KFOT,3367,3,Phone,6670
683436254,LG G2 Mini,LG-D625,4742,2,Phone,38346
683436255,Kuno Mobile Tablet,KUNO4,3709,4,Tablet,30189
683436256,LG L80,LG-D373,4752,2,Phone,31397
683436257,Celular Polaroid Psp4513,PSP4513,3081,4,Phone,8157
683436258,HTC Desire 310,HTC Desire 310 dual sim,3952,5,Phone,42761
683436259,BLU Neo JR,BLU Neo JR,4878,4,Phone,8489
683436260,LG L45,LG-X130g,4369,5,Phone,29336
683436261,Fly IQ4410 Quad Phoenix,IQ4410,4356,3,Phone,19577
683436262,Nabi NabiXD,NABIXD-NV10A,3165,1,Tablet,19435
683436263,Motorola Droid 2 Global,DROID2 Global,2591,5,Phone,9688
683436264,Samsung Galaxy Core Plus,SM-G350,4217,3,Phone,30611
683436265,Sony Xperia SP,C5306,4985,4,Phone,10510
683436266,FLY,FLY,4466,5,Phone,24651
683436267,Sony Xperia ZL,C6503,2927,5,Phone,32714
683436268,Samsung Galaxy Note 10.1,SM-P601,3956,3,Tablet,5667
683436269,HTC Desire 816,HTC_D816x,3899,4,Phone,6533
683436270,LG Optimus G Pro,LG-E980h,2956,1,Phone,6787
683436271,Panasonic T9,T9,3102,3,Tablet,14024
683436272,Kingzone K1 Turbo,K1 turbo,3925,2,Phone,21185
683436273,alps 706_v92_jbla_fhd,706_v92_jbla_fhd,4727,1,Phone,37306
683436274,Pantech Vega S5,IM-A840S,4703,1,Phone,14962
683436275,LG Optimus Vu,LG-P895qb,2676,3,Phone,25996
683436276,MX PAD1042,PAD1042,3885,1,Tablet,30743
683436277,BLU LIFE PLAY MINI,BLU LIFE PLAY MINI,4388,1,Phone,27532
683436278,Xperia Z1 f,SO-02F,3303,2,Phone,16729
683436279,Lenovo A889,Lenovo A889,4347,5,Phone,13677
683436280,Atlantic 600,Atlantic 600,4262,4,Phone,20858
683436281,BLU Studio 5.3 S,Studio 5.3s,3204,5,Phone,11556
683436282,no name,unknown,3727,5,Phone,49811
683436283,L50 D213,LG-D213,3110,5,Phone,14606
683436284,Samsung Galaxy DUOS Trend Lite Dual sim,GT-S7392L,2548,2,Phone,10030
683436285,Motorola XOOM 2,XOOM 2,3761,1,Tablet,41732
683436286,HTC Raider,HTC-X710a,4388,4,Phone,22650
683436287,Samsung Galaxy Camera 2,EK-GC200,4227,5,Phone,37808
683436288,Sony Xperia A,SO-04E,3234,4,Phone,38453
683436289,Samsung Galaxy S5 LTE-A,SM-G906L,4364,5,Phone,5929
683436290,Pantech Vega Secret Note,IM-A890S,4364,3,Phone,28050
683436291,HTC One,801E,4626,2,Phone,9205
683436292,Motorola RAZR M XT905,XT905,4244,2,Phone,17269
683436293,Samsung Galaxy Note 3,SM-N900L,3173,3,Tablet,17761
683436294,HTC Wildfire S,HTC Wildfire S A510e,3748,1,Phone,47675
683436295,Samsung Galaxy S5 Mini,SM-G800Y,3598,4,Phone,49969
683436296,Philips PI3900,PI3900,3267,1,Tablet,41921
683436297,XOLO Q800 X-Edition,Q800X,2777,3,Phone,22361
683436298,LANIX ILIUM,ILIUM S106,3782,2,Phone,19381
683436299,DOOGEE TITANS DG150,DOOGEE-TITANS-DG150   ,3525,5,Phone,30268
683436300,Lanix Ilium,ILIUM S420,2655,5,Phone,20448
683436301,Yezz Andy 4EI,Andy 4EI,4946,4,Phone,45894
683436302,AudioCodes MP-118,MP118,4102,1,Phone,12505
683436303,IPPO A70x,A70X,4434,2,Tablet,41930
683436304,Maxwest Orbit 5400T,Orbit 5400T,3091,3,Phone,26299
683436305,HP 8 G2,HP 8 G2,4195,3,Tablet,36653
683436306,Nook HD,BN NookHD+,2952,1,Tablet,28151
683436307,Azpen A1040,A1040,2701,2,Tablet,36373
683436308,Samsung Galaxy S4 Mini,GT-I9195T,2712,4,Phone,14775
683436309,ASUS MeMO Pad,K007,4660,4,Phone,5085
683436310,GALAXY Note 3,SCL22,4904,1,Phone,19853
683436311,Motorola Master,XT605,3050,3,Phone,32815
683436312,BlackBerry Q10,Q10,2626,1,Phone,42182
683436313,jlink,TB-610 DUAL CORE,4409,1,Phone,48998
683436314,Asus Fonepad,ME371MG,2867,4,Tablet,25104
683436315,titan,titan,3556,3,Phone,47048
683436316,Ematic exp8,EXP8,4444,3,Tablet,43782
683436317,Mini One Android 4.2,mini one,3098,5,Phone,46141
683436318,Fujitsu Launches ARROWS NX,F-05F,4149,2,Phone,27874
683436319,BLU Neo 3.5,Neo 3.5,4289,5,Phone,28306
683436320,Motorola FlipOut,M511,2933,2,Phone,44081
683436321,Samsung Galaxy Note,GT-I9220,3482,5,Phone,14740
683436322,Samsung Galaxy S4 LTE-A,SHV-E330L,4924,1,Phone,40497
683436323,BQ Aquaris 5 HD,bq Aquaris 5 HD,3366,2,Phone,21148
683436324,Fly IQ4410 Quad Phoenix,IQ4410 Quad,2958,3,Phone,25343
683436325,Lenovo S860,Lenovo S860,2912,1,Phone,24800
683436326,LG Optimus L7 II,LG-P715,4899,2,Phone,41878
683436327,NEC LT-B,D000-000018-102,4120,4,Tablet,39968
683436328,LG Vu 3,LG-F300L,4259,3,Phone,7004
683436329,Samsung Galaxy Tab GT-P1000N,GT-P1000N,3707,4,Tablet,36341
683436330,NEC Terrain,NEC-NE-201A1A,4266,4,Phone,10917
683436331,Huawei G610-U00,HUAWEI G610-U00,3849,1,Phone,23570
683436332,Samsung Galaxy Core LTE,SM-G386F,2787,2,Phone,43390
683436333,Iocean X7 Elite,iOCEAN X7,3742,4,Phone,16657
683436334,Dell Venue 7,Venue7 3740,4697,1,Tablet,20851
683436335,Bepa G900W,Bepa G900W,2870,4,Phone,48410
683436336,Amazon Kindle Fire,KFSAWI,4134,1,Tablet,34784
683436337,ZTE V956,ZTE V956,4092,1,Phone,24777
683436338,Trio Stealth Pro 9.7,Stealth 9.7,2899,3,Tablet,15658
683436339,GATEWAY G1-715,G1-715,4750,2,Tablet,25682
683436340,HTC Flyer,HTC_Flyer_P512_NA,2692,5,Tablet,17617
683436341,ZEKI 8,TBQG855,3694,1,Tablet,28218
683436342,Samsung Galaxy Metrix 4G,SCH-I405U,4834,5,Phone,29088
683436343,BLU STUDIO 5.3 II,BLU STUDIO 5.3 II,4662,3,Phone,39609
683436344,Asus T00N,ASUS_T00N,3360,3,Phone,31949
683436345,Lenovo Yoga Tablet 2 Pro,YOGA Tablet 2 Pro-1380F,4033,2,Tablet,42575
683436346,Toshiba Qosmio X505,Q882,4851,4,Phone,37515
683436347,Sony Experia Acro HD,SO-03D,4909,4,Phone,8705
683436348,Alcatel One Touch POP,ONE TOUCH 4015A,4551,4,Phone,22118
683436349,Lenovo A850,Lenovo A850,2759,3,Phone,7344
683436350,Sanei G706,706-3G,4732,2,Tablet,32651
683436351,Gionee Dream,Dream_D1,3810,3,Phone,6365
683436352,tecno mobile tecno P5,TECNO P5,4498,4,Phone,47224
683436353,Samsung SM-T807R4 Gakaxy Tab,SM-T807R4,2624,2,Tablet,21233
683436354,Samsung Galaxy Tab 3 Lite 7.0,SM-T111,3546,2,Tablet,20475
683436355,HTC Velocity 4G,HTC Velocity 4G X710s,3394,2,Phone,8287
683436356,ZTE Speed N9130,N9130,2865,2,Phone,14783
683436357,alps 709v82_jbla118,709v82_jbla118,4524,4,Phone,14097
683436358,alps,2706_v92_gq3009fw,4625,5,Phone,25560
683436359,Digital2 D554P,Digital2 D554P,2765,2,Phone,47162
683436360,Runbo Q5,RunboQ5,4960,3,Phone,29303
683436361,PRESTIGIO,PMP7170B3GCE,4061,1,Tablet,35354
683436362,NEC LifeTouch B,D000-000018-101,2662,5,Tablet,24603
683436363,Motorola DROID 4,XT894,3303,4,Phone,33380
683436364,LG Optimus L7,LG-P705g,2692,4,Phone,7440
683436365,LG Optimus G Pro,LG-F240,4383,1,Phone,42934
683436366,Motorola Razr HD,MOT-XT925,4125,3,Phone,35571
683436367,Nokia E60,E60,4345,5,Phone,22129
683436368,Blackberry Storm,9500,4461,4,Phone,38132
683436369,LG Optimus 4X,LG-P880,4577,1,Phone,25320
683436370,DOPO,D7018,2590,4,Tablet,9801
683436371,Toshiba Excite Go AT7-C-004,AT7-C,4751,5,Tablet,48866
683436372,Motorola ROKR Z6,Z6,3797,1,Phone,12776
683436373,LG G3 Stylus,LG-D693n,4266,2,Phone,26801
683436374,Samsung galaxy note,SHV-E160K,3311,5,Phone,27725
683436375,Tecno R7,R7,4333,1,Phone,20485
683436376,Samsung Galaxy S Blaze,SAMSUNG-SGH-T769,3490,2,Phone,44522
683436377,Samsung Galaxy Trend Plus,GT-S7580L,3562,1,Phone,47478
683436378,Maxwest Astro 4,Astro 4,3349,1,Phone,31552
683436379,Acer Iconia Tab A701,A701,4198,4,Tablet,14678
683436380,Huawei Ascend Y600,HUAWEI Y600-U151,3705,1,Phone,32156
683436381,Pantech Flex P8010,P8010,3176,1,Phone,29370
683436382,Doogee VOYAGER DG300,VOYAGER DG300,4826,3,Phone,27861
683436383,Galaxy Tab 3,GT-P5220,3138,4,Tablet,11504
683436384,LG-E425G,LG-E425g,4057,4,Phone,38166
683436385,HTC Flyer,HTC_P515E,3381,4,Tablet,38187
683436386,AQUOS PAD,SH-08E,4973,4,Tablet,23332
683436387,Azpen A727,A727,3608,4,Tablet,17140
683436388,Nokia X7-00,X7,2734,2,Phone,14975
683436389,BLU Amour,BLU AMOUR,3075,4,Phone,21858
683436390,Asus Transformer Pad,TF300T,3699,5,Tablet,28820
683436391,Drive,Drive,3494,1,Phone,45657
683436392,Alcatel One Touch,ALCATEL ONE TOUCH 5020A,4804,1,Phone,10161
683436393,Motorola Xoom 2 Media Edition,XOOM 2 ME,3241,2,Tablet,21615
683436394,HP Slate6 VoiceTab,HP Slate 6 Voice Tab,3419,4,Phone,5383
683436395,Proscan,PLT7223G,4576,3,Tablet,10312
683436396,Huawei Ascend P7,HUAWEI P7-L00,3797,3,Phone,23006
683436397,Samsung Galaxy Pocket,GT-S5301L,4252,5,Phone,13215
683436398,Classic phone,Classic,3582,2,Phone,48932
683436399,Supersonic SV-6 Phonetab,SV-6,3608,5,Phone,11159
683436400,HP Slate 7 Beats Special Edition,HP Slate 7 Beats Special Edition,3203,5,Tablet,44269
683436401,Maxwest Virtue Z5,Virtue Z5,4645,4,Phone,25374
683436402,Tele2fon V5,V5,4500,2,Phone,10811
683436403,Digital 2 Deluxe II,Digital2 Deluxe II,4262,3,Tablet,20844
683436404,Samsung Galaxy Fame,GT-S6810M,2672,4,Phone,28176
683436405,Acer Liquid,S100,4185,4,Phone,29045
683436406,Motorola XOOM,Xoom Wifi,2947,2,Tablet,31558
683436407,Lenovo Yoga Tablet 2 1050F,YOGA Tablet 2-1050F,2632,5,Tablet,11953
683436408,Samsung Galaxy S Lightray 4G R940,SCH-R940,3470,4,Phone,44412
683436409,freetel nico FT141Bnico-WH,FT141B,2595,4,Phone,46985
683436410,Sony Ericsson W550,W550,4462,2,Phone,43227
683436411,LG E450F,LG-E450f,3786,4,Phone,19885
683436412,JT Smart XL,JT Smart XL,4360,1,Phone,21677
683436413,Alcatel One Touch Idol Mini 6012D,ALCATEL ONE TOUCH 6012D,3726,1,Phone,10646
683436414,Huawei Ascend Y600,HUAWEI Y600-U20,4296,5,Phone,16774
683436415,Samsung Galaxy Note 8,A 8+,3656,5,Phone,6097
683436416,REVEL R.45,REVEL R.45,2867,3,Phone,34271
683436417,Trio Stealth-8,Trio Stealth_8,4469,4,Tablet,37034
683436418,Samsung Galaxy S5 mini,SM-G800R4,3262,1,Phone,17958
683436419,Samsung Galaxy Player 5.8,YP-GP1,3828,5,Phone,24004
683436420,Coolpad Quatro II 4G 801 EM,801EM,2757,4,Phone,28574
683436421,Alcatel One Touch S'Pop,ALCATEL ONE TOUCH 4030D,4953,2,Phone,47959
683436422,Digicel DL750,DL750,3851,2,Phone,27448
683436423,Pantech Vega Iron,IM-A870S,3767,2,Phone,13699
683436424,Shamu,Shamu,3838,1,Phone,22471
683436425,LG G Flex,LG-D955,4294,2,Phone,44778
683436426,Sony Xperia Z2,SGP521,2886,2,Tablet,42506
683436427,Samsung Galaxy Tab 8.9 LTE,SGH-I957R,4829,3,Tablet,16274
683436428,Zeki Tablet,TBQG774,3558,3,Tablet,46178
683436429,verykool S450,verykool S450,3585,5,Phone,41327
683436430,Posh Mobile Equal,x86_64,4813,2,Phone,20580
683436431,Posh Mobile Equal,K504,3845,3,Tablet,21385
683436432,Huawei Ascend Y530,HUAWEI Y530-U051,4263,2,Phone,34618
683436433,Ematic,EGQ307,4085,2,Tablet,6622
683436434,Softwinern01,Softwinern01,2580,4,Tablet,42764
683436435,Coolpad 8729,Coolpad 8729,3284,1,Phone,36391
683436436,Ematic EGD172,EGD172,3415,3,Tablet,41915
683436437,Hisense Sero-8-E2281,E2281,3669,4,Tablet,12326
683436438,LED F7100 Series Smart TV,F7100,4912,2,Phone,41203
683436439,ZTE Blade G Lux,Blade G Lux,4405,2,Phone,8219
683436440,EKT EK-5540,EK-5540,4492,3,Phone,40434
683436441,Sony Xperia M2,D2306,4549,4,Phone,30726
683436442,Proscan PLT7803G,PLT7803G,4557,5,Tablet,47505
683436443,Insignia Flex 8,NS-15AT08,4722,5,Tablet,16190
683436444,Dragon Touch A1X,A1X,3583,5,Tablet,25343
683436445,Samsung Galaxy Fresh,GT-S7390,3926,5,Phone,8876
683436446,Craig,ICRAIG_CMP_770_OD,4685,2,Tablet,49490
683436447,Samsung GALAXY S II,GT-I9100P,4139,4,Phone,41544
683436448,Samsung Galaxy Tab 8.9,GT-P7300,3441,3,Tablet,49684
683436449,Amazon Kindle Fire,Amazon Kindle Fire,4760,1,Tablet,33223
683436450,JXD S700B,S700B,3537,1,Tablet,16407
683436451,Samsung GALAXY Young,GT-S6310T,3769,3,Phone,45027
683436452,Blu Sport 4.5,BLU SPORT 4.5,4414,1,Phone,35406
683436453,Unimax U671C,U671C,3563,2,Phone,47879
683436454,Samsung Galaxy Grand II,SM-G7105L,3428,3,Phone,34342
683436455,ProScan PLT7777,PLT7777,4843,4,Tablet,11962
683436456,Clear,Clear,4413,2,Tablet,7662
683436457,Blu Life Play 2,LIFE PLAY 2,4566,2,Phone,32722
683436458,LG Optimus L5,LG-E610v,3046,3,Phone,11779
683436459,Motorola Razr D1 XT918,XT918,4737,5,Phone,11324
683436460,Motorola Defy+,MB526,3533,1,Phone,8594
683436461,Samsung Galaxy Note,SHV-E160S,2634,2,Phone,20727
683436462,Nokia X3,X3,4678,4,Phone,33883
683436463,Samsung Galaxy S4 Active,SGH-I537,3295,1,Phone,19965
683436464,Motorola XT760,XT760,4270,4,Phone,10708
683436465,Samsung Galaxy S2,GT-19100,4146,1,Phone,30332
683436466,BLU Dash JR,BLU DASH JR,3644,1,Phone,31894
683436467,LG G|||,LG-G3,3559,1,Phone,44025
683436468,Samsung Galaxy Tab-S 8.4 LTE,SM-T705,4740,2,Tablet,33580
683436469,SonyEricsson Xperia Play,R800i,4087,3,Phone,19452
683436470,Lg L3 II Dual,LG-E435g,3429,1,Phone,41257
683436471,Asus Transformer,TF101,3471,4,Tablet,48522
683436472,Qualcomm Snapdragon S 4,msm8625,3955,5,Tablet,7530
683436473,Hisense Sero 7 Lite,E270BSA,2924,1,Tablet,34977
683436474,Bmobile AX512,AX512,4127,1,Phone,33586
683436475,CUBOT GT90,GT90,3428,3,Phone,43138
683436476,Zopo ZP998,ZP998,3898,5,Phone,21432
683436477,Lanix,ILIUM S220,4614,4,Phone,39781
683436478,Verykool s400 Ruby,verykool S400,4175,2,Phone,10652
683436479,PHONE TABLET DUAL CORE PROCESSOR,PHONE TABLET DUAL CORE PROCESSOR,2741,4,Tablet,40759
683436480,ASUS Transformer Pad,tf700t,3927,2,Tablet,6073
683436481,Motorola Atrix 2,ME865,3117,2,Phone,38982
683436482,LG Optimus L7,LG-P705,3693,4,Phone,6125
683436483,ip-6,IP6,3991,2,Phone,18457
683436484,Samsung Galaxy Tab 4,SM-T530NN,3805,4,Tablet,41242
683436485,Maxwest Orbit Z50,Orbit Z50,3603,1,Phone,22423
683436486,Samsung Galaxy S5 LTE-A,SM-G906S,4513,4,Phone,8748
683436487,Samsung N8000i,e1908_v77_jbl1_9p017_6628,4900,3,Phone,17984
683436488,LG G2,VS980,3070,2,Phone,28670
683436489,NABI2-NV7A,NABI2-NV7A,3579,3,Tablet,35917
683436490,LG L20,LG-D100,4695,1,Phone,36417
683436491,Samsung Galaxy Xcover 2,GT-S7710L,3842,3,Phone,45245
683436492,Generic Model,w51090wvga,3444,1,Phone,9634
683436493,Lemon P103,GT-P103,2609,5,Phone,16145
683436494,Motorola RAZR V3,V3,3825,1,Phone,28165
683436495,Motorola RAZR D3 XT919,D3,3322,5,Phone,30743
683436496,Asus PadFone 2,PadFone 2,4918,2,Phone,15600
683436497,Apex AP-GS918,AP-GS918,3514,1,Tablet,32164
683436498,Pantech Vega S5 Special,IM-A840SP,4555,1,Phone,27114
683436499,Revel R-Series,REVEL R.50,3013,1,Phone,38409
683436500,motorola phone tools,V8,3753,5,Phone,15939
683436501,Dell PowerEdge,C5000,2665,5,Phone,28755
683436502,LG OPTIMUS L1 II,LG-E410g,3107,2,Phone,28234
683436503,Samsung Galaxy Core Plus,SM-G3502L,4257,3,Phone,22968
683436504,Samsung Galaxy Y,GT-S5360T,3025,4,Phone,9980
683436505,LG G3 s,LG-D722,4313,5,Phone,21929
683436506,Nobis,NB1022,4242,5,Tablet,19984
683436507,Nexus 7,Full Android on Grouper,4296,3,Tablet,40093
683436508,ZTE V817,ZTE V817,3565,5,Phone,42901
683436509,NuVision TM1088,TM1088C,2846,3,Tablet,31889
683436510,LG G Flex F340S,LG-F340S,2906,4,Phone,45421
683436511,T411,T411,3885,4,Phone,5867
683436512,Alcatel One Touch Pop D1,4018A,4540,5,Phone,7618
683436513,icraig cmp 770,ICRAIG_CMP_770,3405,4,Tablet,35335
683436514,China tablet,KT07,3301,1,Tablet,21408
683436515,Tivax MiTraveler 97D16w,97D16W,3365,5,Tablet,41251
683436516,LG Optimus Sol E730,LG-E730,3087,2,Phone,36916
683436517,VESTA CM1U/M,SHO CM1UM,4185,3,Phone,23796
683436518,STREAM S 302HW,302HW,4920,5,Phone,46723
683436519,Sony Xperia T2 Ultra dual,D5322,4610,2,Phone,25277
683436520,Motorola ATRIX HD,Atrix HD,4301,5,Phone,38876
683436521,HP Slate 7,HP Slate 7,3949,2,Tablet,8303
683436522,Tivax MiTraveler 740,MiTraveler740,2692,3,Tablet,18349
683436523,M4 M4In Touch,M4 SS4040,4774,1,Phone,44393
683436524,Lenovo DC 7,DC7,4068,4,Tablet,45933
683436525,ZTE MF97A,MF97A,4245,4,Phone,20664
683436526,Samsung SGH,U700,4973,1,Phone,46706
683436527,Panasonic Eluga P,P-03E,3145,2,Phone,43170
683436528,Samsung Galaxy S4 Zoom,SM-C105,4251,1,Phone,27109
683436529,Samsung Galaxy Core GT-i8260,GT-I8260,4376,2,Phone,15967
683436530,Galaxy SII HD LTE,SGH-I757M,3284,2,Phone,11786
683436531,Sony Xperia M,C2004,3805,1,Phone,33747
683436532,SKK A13,A13,4903,1,Phone,35593
683436533,verykool s352,verykool S352,2596,4,Phone,36451
683436534,Solone SL-SA4C,SL-SA4C,3054,5,Phone,11479
683436535,Gateway TP A60,TPA60W,2773,2,Tablet,28499
683436536,Motorola BackFlip,MB300,4696,1,Phone,19734
683436537,Gooweel BS1078,BS1078,3005,1,Tablet,14776
683436538,Cellallure Caphg10 01,CAPHG10-01,3983,3,Phone,16512
683436539,Sony Tablet P,Sony Tablet P,2943,1,Tablet,25340
683436540,Samsung Galaxy Precedent,Precedent,2883,2,Phone,36253
683436541,Sony Xperia ion HSPA,LT28h,3544,1,Phone,14661
683436542,Visual Land Prestige ELITE 7Q,Elite7Q,3363,1,Tablet,22352
683436543,The Samsung Galaxy Tab 4 Nook,Nook Tablet,4375,4,Tablet,12739
683436544,Samsung Galaxy S II,SHW-M250K,4531,1,Phone,36758
683436545,HTC Evo 3D CDMA,Evo 3D CDMA,3910,5,Phone,24995
683436546,Generic Android,ZUMM_E40,3834,3,Phone,21202
683436547,Vivo X3S,vivo X3S,4800,4,Phone,37642
683436548,LG Optimus G,LG-E977,4037,5,Phone,10183
683436549,Trio Stealth Pro,Trio Stealth_9,4597,5,Tablet,44757
683436550,Oppo Find 7,Find7,4503,5,Phone,42523
683436551,Samsung Galaxy Note,SHW-M480W,3976,4,Tablet,14332
683436552,FILE OVA,WSVGA 7.0 Tablet - 4.1.1 - with Google Apps - API 16 - 1024x600,3476,1,Tablet,34766
683436553,proscan plt7810k,PLT7810K,3012,1,Tablet,41525
683436554,Sony Xperia Miro,ST23i,3709,3,Phone,30456
683436555,Samsung Galaxy Grand 2,SM-G7105H,4062,2,Phone,8222
683436556,LG L65 D280,LG-D280,2514,5,Phone,21004
683436557,Huawei Ascend G750,HUAWEI G750-T00,3362,5,Phone,36181
683436558,Tronsmart TS7,Glacier TS7,4563,2,Phone,6937
683436559,Huawei Express,M650,4711,3,Phone,17190
683436560,LG Optimus L5,LG-E610,3730,5,Phone,29954
683436561,Rooting Zeki tablet,TBDG734,3273,4,Tablet,7489
683436562,AOC Breeze Tablet,MW0713,2804,2,Tablet,10752
683436563,Zeki TBQG884,TBQG884,4021,3,Tablet,26100
683436564,TMAX Digital TM9S775,TM9S775,4087,1,Tablet,31095
683436565,LG Optimus 2,LG-AS680,3020,2,Phone,38664
683436566,Asus Google Nexus 7 (2013),Nexus 7 (2013),4491,5,Tablet,49534
683436567,BLU DASH JR 4.0 K,BLU DASH JR 4.0 K,4242,3,Phone,46706
683436568,Samsung Galaxy Ace Style,SM-G310HN,2741,2,Phone,33600
683436569,Samsung Galaxy Tab,SGH-T849,3743,5,Tablet,47464
683436570,Philips W8555,Philips W8555,2874,3,Phone,34090
683436571,Sony Xperia E1,D2004,4181,2,Phone,12773
683436572,UleFone N9005,UleFone N9005,3801,2,Phone,9718
683436573,GALAXY Core Advance,GT-I8580,3732,1,Phone,7210
683436574,Samsung Galaxy Tab 3,SM-T2105,4994,4,Tablet,38628
683436575,Motorola Moto X,XT1094,2596,5,Phone,15049
683436576,LG Thrive,LG-P506,4260,2,Phone,32920
683436577,RCA Mobile TV Tablet,DMT580D,3532,4,Tablet,16084
683436578,WM8850-MID,WM8850-mid,4771,4,Tablet,41814
683436579,LG G3,LG-LS990,3114,1,Phone,22864
683436580,Vodafone Smart Mini,Vodafone 875,3172,3,Phone,29090
683436581,HTC Incredible S,HTC Incredible S,3737,3,Phone,15256
683436582,Android 4.2 Tablet,P706,4813,5,Tablet,37672
683436583,Iphone s10,A950,3605,3,Phone,28567
683436584,Samsung Galaxy S5,SC-04F,3220,2,Phone,43611
683436585,Craig CMP 759,CMP 759,4848,5,Tablet,8258
683436586,Lenovo IdeaCentre A720,A720,3162,5,Tablet,37331
683436587,Samsung Galaxy Trend Plus,GT-S7580E,3814,3,Phone,39437
683436588,Barnes & Noble Nook HD+,BNTV600,2967,2,Tablet,34871
683436589,Sony XPERIA Z3 Tablet Compact,SGP612,2730,1,Tablet,19939
683436590,Lanix Ilium,ILIUM S600,4660,4,Phone,6805
683436591,Asus MeMO Pad,K00U,4902,5,Tablet,29333
683436592,Samsung Galaxy Note,SAMSUNG-SGH-T879,3591,5,Phone,35728
683436593,LG Optimus G,LG-E973,4784,4,Phone,14571
683436594,SHARP FX Plus,SHARP-ADS1,4975,1,Phone,21729
683436595,Htc Sensation,Sensation,4947,5,Phone,39004
683436596,Nyx Fly II,NYX_FLY_II,3823,2,Phone,20586
683436597,Nokia X2 DS,NokiaX2DS,2551,4,Phone,41455
683436598,Samsung Galaxy Mega 2,SM-G750F,3239,3,Phone,15942
683436599,Samsung Galaxy Alpha,SM-G850M,4974,4,Phone,46600
683436600,Polypad E508,E508,2806,1,Tablet,29222
683436601,Qmobile Noir A900,A900,3896,1,Phone,48311
683436602,Samsung Galaxy Ace 3,GT-S7275B,4692,1,Phone,36763
683436603,InnJoo F1,InnJoo,3155,3,Phone,15043
683436604,Visual Land Prestige 10,VL-110,4662,2,Tablet,28439
683436605,OtterBox,Amazon Otter,3405,2,Phone,38444
683436606,Motorola Photon Q 4G LTE,PHOTON Q,4714,2,Phone,9175
683436607,Kocaso M1062,M1062,3669,2,Tablet,23953
683436608,XSS I9502+,I9502+,4886,5,Phone,47568
683436609,nyx noba II,NYX_NOBA_II,4466,4,Phone,34369
683436610,HP Tenderloin,skz_tenderloin,4124,5,Tablet,44548
683436611,Sony Xperia A2,SO-04F,2527,3,Phone,47884
683436612,Unnecto U-710-2NA,U710,2981,3,Phone,14804
683436613,Iview-900TPCII,900TPCII,3542,3,Tablet,36371
683436614,LG Optimus G Pro,LG-F240K,2677,1,Phone,42830
683436615,advan tablet t1m,ADVAN T1M,3764,3,Tablet,28122
683436616,GALAXY Ace II e,SGH-T599V,4184,5,Phone,9404
683436617,LG G2 D802,G2,3516,2,Phone,36913
683436618,Proscan PLT7100G,PLT7100G,3918,1,Tablet,13082
683436619,Utta U6 Grande,U6 GRANDE,3448,5,Phone,24125
683436620,Nobis Tablet,NB07,3216,1,Tablet,41161
683436621,LG G Pro Lite,LG-D682,4420,1,Phone,20255
683436622,Contixo Q102,Q102,3915,5,Tablet,46786
683436623,Polaroid PMID710,PMID710,3461,2,Tablet,21364
683436624,Samsung Galaxy Express,GT-I8730,3211,2,Phone,11887
683436625,Revel Mobile R55,REVEL R.55,3481,3,Phone,23344
683436626,Solone A47,SOLONE A47,3986,1,Phone,30033
683436627,Alcatel One Touch Idol X,ALCATEL ONE TOUCH 6040A,3687,2,Phone,46114
683436628,LG Optimus L3,LG-E400g,4609,5,Phone,22747
683436629,HTC Rezound,Infected Rezound,2508,3,Phone,38477
683436630,Samsung Galaxy Grand 2,7102,3356,5,Phone,18543
683436631,MID-756,MID-756,2575,5,Tablet,10481
683436632,PrestigePro 9D,PRO9D,4531,5,Tablet,12622
683436633,Zeki TBQG1084,TBQG1084,3204,3,Tablet,8093
683436634,LG Optimus 4G LTE P935,LG-P935,3561,3,Phone,42303
683436635,Lenovo IdeaPad,A1_07,2570,3,Tablet,6954
683436636,Mpie MP707,Smash 5.0 3G,4181,5,Phone,29247
683436637,Samsung Galaxy S5 Duos G900MD,SM-G900MD,4326,2,Phone,49015
683436638,Maxwest Gravity,Astro 5.5,3224,1,Phone,11378
683436639,Pantech Vega Racer 2,IM-A830L,2681,5,Phone,21824
683436640,Digital2 D2-912,D2-912,3304,5,Tablet,13328
683436641,Micromax Bolt A068,MICROMAX A068,4781,3,Phone,43562
683436642,CellAllure LITE S,CAPHG20-02,3396,1,Phone,16700
683436643,UltraTab Jazz,C925,3049,2,Tablet,41982
683436644,Prime 4.0,Prime 4.0,3942,1,Phone,24276
683436645,Alcatel One Touch,USCC_ALCATEL_one_touch_909B,4385,1,Phone,34324
683436646,AXGIO Wing W2,WING-W2,3349,1,Phone,35262
683436647,Toshiba Excite 7,AT7-A,4792,3,Tablet,21315
683436648,Motorola ZX803,ZX803,2720,4,Phone,6080
683436649,Traducir esta pÃŒÃ_x0081_gina Samsung Galaxy Pro,GT-B7510,3746,3,Phone,49220
683436650,Samsung GALAXY Pocket GT S5300B,GT-S5300B,3319,3,Phone,29311
683436651,LG Optimus L4,LG-E440g,3561,4,Phone,9500
683436652,Huawei Ascend,HUAWEI G6-L22,4224,4,Phone,8890
683436653,Motorola MILESTONE XT720,Motorola XT720,3813,4,Phone,46210
683436654,NETGEAR ProSafe AX743,AX743,3668,4,Phone,7878
683436655,Kyocera URBANO L01,KYY21,3410,2,Phone,28355
683436656,Xiaomi,MI 4W,4291,4,Phone,44435
683436657,Bulletin 700-P,700DC,3220,3,Tablet,24550
683436658,Slate Digital Trigger 2 Platinum,Digital2 Platinum,2894,5,Tablet,9631
683436659,Amazon Kindle Fire HD,Amazon Kindle Fire HD,4122,5,Tablet,25514
683436660,BLU DASH 4.5,BLU DASH 4.5,4650,4,Phone,31875
683436661,LGG New Madison,new Madison,4100,2,Phone,35821
683436662,Nokia XL,Nokia_XL,4459,4,Phone,21598
683436663,JWD F50,F50,2919,3,Phone,17122
683436664,Huawei C8813Q,HUAWEI C8813Q,4480,5,Phone,6668
683436665,Asus Nexus 7,N7,4490,4,Tablet,16130
683436666,Huawei Ascend Y530,HUAWEI Y530-U00,3188,5,Phone,20183
683436667,HTC One_M8,709_v82_jbla118,2547,4,Phone,5032
683436668,Toshiba Excite 7c,AT7-B,3127,3,Tablet,13654
683436669,ZTE Blade G Pro,ZTE V829,3876,3,Phone,22603
683436670,Tecno F7 Phantom A,TECNO F7,2897,3,Phone,22965
683436671,ZTE KIS II Max,KIS II Max,4197,1,Phone,37688
683436672,ProScan,PLT7802,2832,4,Tablet,26838
683436673,Ematic Genesis Prime,EGS004,3995,1,Tablet,6202
683436674,HTC Aria,HTC Aria,3090,2,Phone,18592
683436675,Chromo ZX-2926D,ZX-2926D,4812,2,Tablet,33200
683436676,iDroid ROYAL V7,ROYAL V7,2602,1,Phone,46313
683436677,Motorola Droid X2,MB870,4109,1,Phone,29493
683436678,Dell Venue 10 7040,Venue 10 7040,4387,2,Tablet,10791
683436679,Digital Reins 9,9inch FLASH TABLET PC DUAL CORE PROCESSOR,3621,1,Tablet,48099
683436680,HP Slate 21 Pro,Slate 21 Pro,2824,3,Tablet,23187
683436681,Dragon Touch R97,DTR97,3479,4,Tablet,12134
683436682,RCA RCT6378W2,RCT6378W2,3069,1,Tablet,49125
683436683,Huawei G527,G527-U081,2879,1,Phone,36151
683436684,MPIE MP H118+,MP-H118+,3627,2,Phone,23012
683436685,LG G3,LG-D852,3976,1,Phone,10938
683436686,Alp Note 2 Clone,e1902_v72_jdt1_OV5645_fwvga,3697,2,Phone,22267
683436687,ThinkPad X230,X230,4883,2,Tablet,19380
683436688,Sony Ericsson Z550,Z550,4224,5,Phone,19543
683436689,Samsung Galaxy Tab Pro,SM-T325,4661,1,Tablet,29973
683436690,Alcatel One Touch X'Pop,ALCATEL ONE TOUCH 5035A,3059,4,Phone,46193
683436691,Sony Xperia Z2,Xperia Z2,2802,4,Phone,26008
683436692,Samsung Galaxy Win GT-I8550L,GT-I8550L,4337,4,Phone,27308
683436693,Nextel Huawei Speed,U8667,3977,1,Phone,29533
683436694,Icemobile Prime 3.5,prime 3.5,3808,1,Phone,21335
683436695,Samsung Galaxy Note 3,U9000,3862,1,Phone,42537
683436696,Samsung Galaxy S5 mini,SM-G800M,3551,2,Phone,44220
683436697,HTC Rezound,Rezound,3180,1,Phone,35450
683460505,Samsung Galaxy Fame,GT-S6810,4187,5,Phone,5015
683460715,Asus Transformer Pad TF701T,K00C,3858,4,Tablet,11995
683460809,BLU Life Pure XL,LIFE PURE XL,3125,2,Phone,13723
683461000,Samsung Galaxy Admire 2,SCH-R830C,3078,3,Phone,49150
683461208,Toshiba Excite Go,AT7-C,2837,5,Tablet,28208
683471235,Motorola Milestone,Motorola XT720,4658,1,Phone,10657
683473136,Oppo Find 7,X9076,3658,5,Phone,14244
